frame1() {
printf "\e[49m                                                \e[m
\e[49m                   \e[38;2;30;0;48;49m▄\e[38;2;88;1;140;49m▄\e[38;2;88;1;140;48;2;30;0;48m▄\e[48;2;88;1;140m    \e[38;2;88;1;140;48;2;30;0;48m▄\e[38;2;88;1;140;49m▄\e[38;2;30;0;48;49m▄\e[49m                   \e[m
\e[49m                 \e[38;2;30;0;48;49m▄\e[38;2;88;1;140;48;2;30;0;48m▄\e[48;2;88;1;140m          \e[38;2;88;1;140;48;2;30;0;48m▄\e[38;2;30;0;48;49m▄\e[49m                 \e[m
\e[49m             \e[38;2;30;0;48;49m▄\e[38;2;30;0;49;49m▄\e[38;2;88;1;140;48;2;30;0;48m▄\e[48;2;88;1;140m            \e[38;2;51;51;51;48;2;88;1;140m▄▄▄▄\e[38;2;51;51;51;48;2;30;0;48m▄\e[38;2;30;0;49;49m▄\e[38;2;30;0;48;49m▄\e[49m             \e[m
\e[49m         \e[38;2;30;0;48;49m▄\e[38;2;39;0;64;49m▄\e[38;2;88;1;140;48;2;30;0;48m▄▄\e[38;2;102;102;102;48;2;88;3;139m▄\e[38;2;102;102;102;48;2;88;1;140m▄\e[48;2;88;1;140m           \e[38;2;51;51;51;48;2;88;1;140m▄\e[48;2;51;51;51m    \e[38;2;88;1;140;48;2;51;51;51m▄\e[48;2;88;1;140m   \e[38;2;88;1;140;48;2;30;0;48m▄▄\e[38;2;39;0;64;49m▄\e[38;2;30;0;48;49m▄\e[49m         \e[m
\e[49m      \e[38;2;57;0;92;49m▄\e[38;2;88;1;140;48;2;30;0;48m▄\e[48;2;88;1;140m    \e[48;2;102;102;102m   \e[48;2;88;1;140m         \e[38;2;51;51;51;48;2;88;1;140m▄\e[48;2;51;51;51m    \e[38;2;88;1;140;48;2;51;51;51m▄\e[48;2;88;1;140m          \e[38;2;88;1;140;48;2;30;0;48m▄\e[38;2;57;0;92;49m▄\e[49m      \e[m
\e[49m    \e[38;2;30;0;48;49m▄\e[38;2;88;1;140;48;2;34;0;55m▄\e[48;2;88;1;140m      \e[48;2;102;102;102m   \e[38;2;102;102;102;48;2;101;98;103m▄\e[48;2;88;1;140m      \e[38;2;51;51;51;48;2;88;1;140m▄\e[48;2;51;51;51m    \e[38;2;88;1;140;48;2;51;51;51m▄\e[48;2;88;1;140m              \e[38;2;88;1;140;48;2;34;0;55m▄\e[38;2;30;0;48;49m▄\e[49m    \e[m
\e[49m    \e[38;2;88;1;140;48;2;30;0;48m▄\e[48;2;88;1;140m       \e[38;2;88;1;140;48;2;98;74;112m▄\e[48;2;102;102;102m   \e[48;2;88;1;140m     \e[38;2;254;253;254;48;2;88;1;140m▄\e[38;2;255;255;255;48;2;88;1;140m▄\e[48;2;255;255;255m  \e[38;2;255;255;255;48;2;51;51;51m▄\e[38;2;254;253;254;48;2;88;1;140m▄\e[48;2;88;1;140m                \e[38;2;88;1;140;48;2;30;0;48m▄\e[49m    \e[m
\e[49m    \e[48;2;88;1;140m         \e[48;2;102;102;102m    \e[48;2;88;1;140m \e[38;2;255;255;255;48;2;88;1;140m▄▄\e[48;2;255;255;255m        \e[38;2;255;255;255;48;2;88;1;140m▄▄\e[48;2;88;1;140m  \e[38;2;0;0;0;48;2;88;1;140m▄\e[48;2;88;1;140m           \e[49m    \e[m
\e[49m    \e[48;2;30;0;48m \e[48;2;88;1;140m        \e[38;2;88;1;140;48;2;88;0;140m▄\e[48;2;102;102;102m \e[38;2;255;255;255;48;2;102;102;102m▄\e[48;2;255;255;255m     \e[38;2;88;1;140;48;2;255;255;255m▄▄\e[48;2;88;1;140m  \e[38;2;88;1;140;48;2;255;255;255m▄▄\e[48;2;255;255;255m     \e[38;2;255;255;255;48;2;0;0;0m▄\e[48;2;0;0;0m    \e[38;2;0;0;0;48;2;88;1;140m▄▄▄▄\e[48;2;88;1;140m  \e[48;2;30;0;48m \e[49m    \e[m
\e[49m    \e[48;2;30;0;48m \e[48;2;88;1;140m          \e[48;2;255;255;255m    \e[38;2;88;1;140;48;2;255;255;255m▄\e[48;2;88;1;140m        \e[38;2;88;1;140;48;2;255;255;255m▄\e[48;2;255;255;255m    \e[38;2;88;1;140;48;2;0;0;0m▄▄\e[48;2;0;0;0m       \e[48;2;88;1;140m \e[48;2;30;0;48m \e[49m    \e[m
\e[49m    \e[48;2;30;0;48m \e[48;2;88;1;140m          \e[48;2;255;255;255m    \e[48;2;88;1;140m          \e[48;2;255;255;255m    \e[48;2;88;1;140m     \e[38;2;88;1;140;48;2;54;0;88m▄\e[38;2;88;1;140;48;2;0;0;0m▄▄▄\e[48;2;0;0;0m \e[48;2;30;0;48m \e[49m    \e[m
\e[49m    \e[48;2;30;0;48m \e[48;2;153;153;153m \e[38;2;153;153;153;48;2;88;1;140m▄▄▄\e[38;2;117;69;146;48;2;88;1;140m▄\e[48;2;88;1;140m     \e[48;2;255;255;255m    \e[48;2;88;1;140m          \e[48;2;255;255;255m    \e[48;2;88;1;140m          \e[48;2;30;0;48m \e[49m    \e[m
\e[49m    \e[48;2;30;0;48m \e[48;2;88;1;140m \e[48;2;153;153;153m       \e[38;2;153;153;153;48;2;88;1;140m▄▄\e[48;2;255;255;255m    \e[38;2;255;255;255;48;2;88;1;140m▄\e[48;2;88;1;140m        \e[38;2;255;255;255;48;2;88;1;140m▄\e[48;2;255;255;255m    \e[48;2;88;1;140m          \e[48;2;30;0;48m \e[49m    \e[m
\e[49m    \e[48;2;30;0;48m \e[48;2;88;1;140m  \e[38;2;88;1;140;48;2;152;151;153m▄\e[38;2;88;1;140;48;2;153;153;153m▄▄▄\e[48;2;153;153;153m    \e[38;2;153;153;153;48;2;255;255;255m▄\e[48;2;255;255;255m     \e[38;2;255;255;255;48;2;88;1;140m▄▄\e[48;2;88;1;140m  \e[38;2;255;255;255;48;2;88;1;140m▄▄\e[48;2;255;255;255m       \e[38;2;87;0;139;48;2;88;1;140m▄\e[48;2;88;1;140m        \e[48;2;30;0;48m \e[49m    \e[m
\e[49m    \e[48;2;88;1;140m           \e[38;2;88;1;140;48;2;153;153;153m▄\e[48;2;88;1;140m  \e[38;2;88;1;140;48;2;255;255;255m▄▄\e[48;2;255;255;255m        \e[38;2;88;1;140;48;2;255;255;255m▄▄\e[48;2;88;1;140m \e[48;2;255;255;255m    \e[48;2;88;1;140m         \e[49m    \e[m
\e[49m    \e[38;2;30;0;48;48;2;88;1;140m▄\e[48;2;88;1;140m                \e[38;2;88;1;140;48;2;255;255;255m▄\e[38;2;204;204;204;48;2;255;255;255m▄\e[48;2;255;255;255m  \e[38;2;88;1;140;48;2;255;255;255m▄▄\e[48;2;88;1;140m     \e[48;2;255;255;255m   \e[38;2;211;189;225;48;2;88;1;140m▄\e[48;2;88;1;140m       \e[38;2;30;0;48;48;2;88;1;140m▄\e[49m    \e[m
\e[49m    \e[49;38;2;30;0;48m▀\e[38;2;34;0;55;48;2;88;1;140m▄\e[48;2;88;1;140m              \e[38;2;204;204;204;48;2;88;1;140m▄\e[48;2;204;204;204m    \e[38;2;88;1;140;48;2;204;204;204m▄\e[48;2;88;1;140m      \e[38;2;248;245;250;48;2;255;255;255m▄\e[48;2;255;255;255m   \e[48;2;88;1;140m      \e[38;2;34;0;55;48;2;88;1;140m▄\e[49;38;2;30;0;48m▀\e[49m    \e[m
\e[49m      \e[49;38;2;57;0;92m▀\e[38;2;30;0;48;48;2;88;1;140m▄\e[48;2;88;1;140m          \e[38;2;204;204;204;48;2;88;1;140m▄\e[48;2;204;204;204m    \e[38;2;88;1;140;48;2;204;204;204m▄\e[48;2;88;1;140m         \e[48;2;255;255;255m   \e[48;2;88;1;140m    \e[38;2;30;0;48;48;2;88;1;140m▄\e[49;38;2;57;0;92m▀\e[49m      \e[m
\e[49m         \e[49;38;2;30;0;48m▀\e[49;38;2;39;0;64m▀\e[38;2;30;0;48;48;2;88;1;140m▄▄\e[48;2;88;1;140m   \e[38;2;204;204;204;48;2;88;1;140m▄\e[48;2;204;204;204m    \e[38;2;88;1;140;48;2;204;204;204m▄\e[48;2;88;1;140m           \e[38;2;88;2;140;48;2;255;255;255m▄\e[38;2;90;5;142;48;2;255;255;255m▄\e[38;2;30;0;48;48;2;88;1;140m▄▄\e[49;38;2;40;0;65m▀\e[49;38;2;30;0;48m▀\e[49m         \e[m
\e[49m             \e[49;38;2;30;0;48m▀\e[49;38;2;30;0;49m▀\e[38;2;30;0;48;48;2;204;204;204m▄\e[38;2;88;1;140;48;2;204;204;204m▄▄▄▄\e[48;2;88;1;140m            \e[38;2;30;0;48;48;2;88;1;140m▄\e[49;38;2;30;0;49m▀\e[49;38;2;30;0;48m▀\e[49m             \e[m
\e[49m                 \e[49;38;2;30;0;48m▀\e[38;2;30;0;48;48;2;88;1;140m▄\e[48;2;88;1;140m          \e[38;2;30;0;48;48;2;88;1;140m▄\e[49;38;2;30;0;48m▀\e[49m                 \e[m
\e[49m                   \e[49;38;2;30;0;48m▀\e[49;38;2;88;1;140m▀\e[38;2;30;0;48;48;2;88;1;140m▄\e[48;2;88;1;140m    \e[38;2;30;0;48;48;2;88;1;140m▄\e[49;38;2;88;1;140m▀\e[49;38;2;30;0;48m▀\e[49m                   \e[m
\e[49m                                                \e[m
";
}
frame2() {
printf "\e[49m                                                \e[m
\e[49m                   \e[38;2;30;0;48;49m▄\e[38;2;88;1;140;49m▄\e[38;2;88;1;140;48;2;30;0;48m▄\e[48;2;88;1;140m    \e[38;2;88;1;140;48;2;30;0;48m▄\e[38;2;88;1;140;49m▄\e[38;2;30;0;48;49m▄\e[49m                   \e[m
\e[49m                 \e[38;2;30;0;48;49m▄\e[38;2;88;1;140;48;2;30;0;48m▄\e[48;2;88;1;140m         \e[38;2;88;1;139;48;2;88;1;140m▄\e[38;2;88;1;140;48;2;30;0;48m▄\e[38;2;30;0;48;49m▄\e[49m                 \e[m
\e[49m             \e[38;2;30;0;48;49m▄\e[38;2;30;0;49;49m▄\e[38;2;88;1;140;48;2;30;0;48m▄\e[48;2;88;1;140m       \e[38;2;82;8;126;48;2;88;1;140m▄\e[48;2;51;51;51m   \e[38;2;61;36;75;48;2;51;51;51m▄\e[48;2;88;1;140m    \e[38;2;88;1;140;48;2;30;0;48m▄\e[38;2;30;0;49;49m▄\e[38;2;30;0;48;49m▄\e[49m             \e[m
\e[49m         \e[38;2;30;0;48;49m▄\e[38;2;40;0;64;49m▄\e[38;2;88;1;140;48;2;30;0;48m▄▄\e[48;2;88;1;140m         \e[38;2;51;51;51;48;2;88;1;140m▄\e[48;2;51;51;51m   \e[38;2;88;1;140;48;2;51;51;51m▄\e[48;2;88;1;140m        \e[38;2;88;1;140;48;2;30;0;48m▄▄\e[38;2;40;0;64;49m▄\e[38;2;30;0;48;49m▄\e[49m         \e[m
\e[49m      \e[38;2;57;0;91;49m▄\e[38;2;88;1;140;48;2;30;0;48m▄\e[48;2;88;1;140m  \e[38;2;102;102;102;48;2;88;1;140m▄\e[48;2;88;1;140m          \e[38;2;51;51;51;48;2;88;1;140m▄\e[48;2;51;51;51m   \e[38;2;88;1;140;48;2;51;51;51m▄\e[48;2;88;1;140m              \e[38;2;88;1;140;48;2;30;0;48m▄\e[38;2;57;0;91;49m▄\e[49m      \e[m
\e[49m    \e[38;2;30;0;48;49m▄\e[38;2;88;1;140;48;2;34;0;55m▄\e[48;2;88;1;140m   \e[38;2;102;102;102;48;2;88;4;138m▄\e[48;2;102;102;102m \e[38;2;102;102;102;48;2;88;1;140m▄\e[48;2;88;1;140m        \e[38;2;51;51;51;48;2;88;1;140m▄\e[48;2;51;51;51m   \e[38;2;88;1;140;48;2;51;51;51m▄\e[48;2;88;1;140m                 \e[38;2;88;1;140;48;2;34;0;55m▄\e[38;2;30;0;48;49m▄\e[49m    \e[m
\e[49m    \e[38;2;88;1;140;48;2;30;0;48m▄\e[48;2;88;1;140m   \e[38;2;88;1;140;48;2;91;22;132m▄\e[48;2;102;102;102m   \e[38;2;102;102;102;48;2;96;60;117m▄\e[48;2;88;1;140m      \e[38;2;88;1;140;48;2;78;12;117m▄\e[38;2;88;1;140;48;2;72;22;102m▄\e[38;2;254;254;254;48;2;73;20;104m▄\e[38;2;255;255;255;48;2;74;18;108m▄\e[38;2;255;255;255;48;2;239;237;240m▄\e[48;2;255;255;255m \e[38;2;255;255;255;48;2;88;1;140m▄\e[38;2;254;254;254;48;2;88;1;140m▄\e[48;2;88;1;140m   \e[38;2;0;0;0;48;2;88;1;140m▄▄▄▄▄▄▄▄▄▄\e[48;2;88;1;140m   \e[38;2;88;1;140;48;2;30;0;48m▄\e[49m    \e[m
\e[49m    \e[48;2;88;1;140m      \e[48;2;102;102;102m    \e[48;2;88;1;140m    \e[38;2;255;255;255;48;2;88;1;140m▄▄\e[48;2;255;255;255m        \e[38;2;255;255;255;48;2;88;1;140m▄▄\e[48;2;88;1;140m \e[48;2;0;0;0m          \e[48;2;88;1;140m   \e[49m    \e[m
\e[49m    \e[48;2;30;0;48m \e[48;2;88;1;140m      \e[48;2;102;102;102m    \e[38;2;255;255;255;48;2;88;1;140m▄\e[48;2;255;255;255m     \e[38;2;88;1;140;48;2;255;255;255m▄▄\e[48;2;88;1;140m  \e[38;2;88;1;140;48;2;255;255;255m▄▄\e[48;2;255;255;255m     \e[38;2;255;255;255;48;2;0;0;0m▄\e[38;2;88;1;140;48;2;0;0;0m▄▄▄▄▄▄▄▄▄\e[48;2;88;1;140m \e[48;2;30;0;48m \e[49m    \e[m
\e[49m    \e[48;2;30;0;48m \e[48;2;88;1;140m       \e[38;2;88;0;140;48;2;102;102;102m▄\e[48;2;102;102;102m \e[38;2;89;9;136;48;2;102;102;102m▄\e[48;2;255;255;255m    \e[38;2;88;1;140;48;2;255;255;255m▄\e[48;2;88;1;140m        \e[38;2;88;1;140;48;2;255;255;255m▄\e[48;2;255;255;255m    \e[48;2;88;1;140m          \e[48;2;30;0;48m \e[49m    \e[m
\e[49m    \e[48;2;30;0;48m \e[48;2;88;1;140m        \e[38;2;88;1;140;48;2;102;102;102m▄\e[48;2;88;1;140m \e[48;2;255;255;255m    \e[48;2;88;1;140m          \e[48;2;255;255;255m    \e[48;2;88;1;140m          \e[48;2;30;0;48m \e[49m    \e[m
\e[49m    \e[48;2;30;0;48m \e[48;2;88;1;140m          \e[48;2;255;255;255m    \e[48;2;88;1;140m          \e[48;2;255;255;255m    \e[48;2;88;1;140m \e[38;2;255;255;255;48;2;88;1;140m▄\e[48;2;88;1;140m        \e[48;2;30;0;48m \e[49m    \e[m
\e[49m    \e[48;2;30;0;48m \e[48;2;88;1;140m          \e[48;2;255;255;255m    \e[38;2;255;255;255;48;2;88;1;140m▄\e[48;2;88;1;140m        \e[38;2;255;255;255;48;2;88;1;140m▄\e[48;2;255;255;255m    \e[38;2;255;255;255;48;2;99;19;148m▄\e[48;2;255;255;255m \e[38;2;255;255;255;48;2;87;0;139m▄\e[48;2;88;1;140m       \e[48;2;30;0;48m \e[49m    \e[m
\e[49m    \e[48;2;30;0;48m \e[48;2;88;1;140m \e[38;2;153;153;153;48;2;88;1;140m▄▄▄▄▄▄▄▄▄\e[38;2;153;153;153;48;2;255;255;255m▄\e[48;2;255;255;255m     \e[38;2;255;255;255;48;2;88;1;140m▄▄\e[48;2;88;1;140m  \e[38;2;255;255;255;48;2;88;1;140m▄▄\e[48;2;255;255;255m     \e[38;2;88;1;140;48;2;255;255;255m▄\e[48;2;255;255;255m    \e[48;2;88;1;140m      \e[48;2;30;0;48m \e[49m    \e[m
\e[49m    \e[48;2;88;1;140m   \e[48;2;153;153;153m          \e[48;2;88;1;140m \e[38;2;88;1;140;48;2;255;255;255m▄▄\e[48;2;255;255;255m        \e[38;2;88;1;140;48;2;255;255;255m▄▄\e[48;2;88;1;140m    \e[48;2;255;255;255m    \e[48;2;88;1;140m      \e[49m    \e[m
\e[49m    \e[38;2;30;0;48;48;2;88;1;140m▄\e[48;2;88;1;140m   \e[38;2;88;1;140;48;2;153;153;153m▄▄▄▄▄▄▄▄▄▄\e[48;2;88;1;140m   \e[38;2;88;1;140;48;2;255;255;255m▄▄\e[48;2;255;255;255m \e[38;2;250;248;252;48;2;255;255;255m▄\e[38;2;145;102;171;48;2;255;255;255m▄\e[38;2;151;112;174;48;2;255;255;255m▄\e[38;2;154;117;176;48;2;88;1;140m▄\e[38;2;125;66;160;48;2;88;1;140m▄\e[48;2;88;1;140m      \e[38;2;179;140;203;48;2;255;255;255m▄\e[48;2;255;255;255m   \e[38;2;130;65;168;48;2;88;1;140m▄\e[48;2;88;1;140m   \e[38;2;30;0;48;48;2;88;1;140m▄\e[49m    \e[m
\e[49m    \e[49;38;2;30;0;48m▀\e[38;2;34;0;55;48;2;88;1;140m▄\e[48;2;88;1;140m                 \e[38;2;204;204;204;48;2;88;1;140m▄\e[48;2;204;204;204m   \e[38;2;88;1;140;48;2;204;204;204m▄\e[48;2;88;1;140m        \e[38;2;88;1;140;48;2;255;255;255m▄\e[48;2;255;255;255m \e[38;2;94;11;144;48;2;255;255;255m▄\e[48;2;88;1;140m   \e[38;2;34;0;55;48;2;88;1;140m▄\e[49;38;2;30;0;48m▀\e[49m    \e[m
\e[49m      \e[49;38;2;57;0;91m▀\e[38;2;30;0;48;48;2;88;1;140m▄\e[48;2;88;1;140m              \e[38;2;204;204;204;48;2;88;1;140m▄\e[48;2;204;204;204m   \e[38;2;88;1;140;48;2;204;204;204m▄\e[48;2;88;1;140m          \e[38;2;88;1;140;48;2;255;255;255m▄\e[48;2;88;1;140m  \e[38;2;30;0;48;48;2;88;1;140m▄\e[49;38;2;57;0;91m▀\e[49m      \e[m
\e[49m         \e[49;38;2;30;0;48m▀\e[49;38;2;40;0;64m▀\e[38;2;30;0;48;48;2;88;1;140m▄▄\e[48;2;88;1;140m        \e[38;2;204;204;204;48;2;88;1;140m▄\e[48;2;204;204;204m   \e[38;2;88;1;140;48;2;204;204;204m▄\e[48;2;88;1;140m         \e[38;2;30;0;48;48;2;88;1;140m▄▄\e[49;38;2;40;0;64m▀\e[49;38;2;30;0;48m▀\e[49m         \e[m
\e[49m             \e[49;38;2;30;0;48m▀\e[49;38;2;30;0;49m▀\e[38;2;30;0;48;48;2;88;1;140m▄\e[48;2;88;1;140m    \e[38;2;204;204;204;48;2;175;154;188m▄\e[48;2;204;204;204m   \e[38;2;88;1;140;48;2;102;26;148m▄\e[48;2;88;1;140m       \e[38;2;30;0;48;48;2;88;1;140m▄\e[49;38;2;30;0;49m▀\e[49;38;2;30;0;48m▀\e[49m             \e[m
\e[49m                 \e[49;38;2;30;0;48m▀\e[38;2;30;0;48;48;2;88;1;140m▄\e[38;2;88;1;140;48;2;87;0;140m▄\e[48;2;88;1;140m         \e[38;2;30;0;48;48;2;88;1;140m▄\e[49;38;2;30;0;48m▀\e[49m                 \e[m
\e[49m                   \e[49;38;2;30;0;48m▀\e[49;38;2;88;1;140m▀\e[38;2;30;0;48;48;2;88;1;140m▄\e[48;2;88;1;140m    \e[38;2;30;0;48;48;2;88;1;140m▄\e[49;38;2;88;1;140m▀\e[49;38;2;30;0;48m▀\e[49m                   \e[m
\e[49m                                                \e[m
";
}
frame3() {
printf "\e[49m                                                \e[m
\e[49m                   \e[38;2;30;0;48;49m▄\e[38;2;88;1;140;49m▄\e[38;2;88;1;140;48;2;30;0;48m▄\e[48;2;88;1;140m    \e[38;2;88;1;140;48;2;30;0;48m▄\e[38;2;88;1;140;49m▄\e[38;2;30;0;48;49m▄\e[49m                   \e[m
\e[49m                 \e[38;2;30;0;48;49m▄\e[38;2;88;1;140;48;2;30;0;48m▄\e[48;2;88;1;140m   \e[38;2;51;51;51;48;2;88;1;140m▄▄\e[48;2;88;1;140m     \e[38;2;88;1;140;48;2;30;0;48m▄\e[38;2;30;0;48;49m▄\e[49m                 \e[m
\e[49m             \e[38;2;30;0;48;49m▄▄\e[38;2;88;1;140;48;2;30;0;48m▄\e[48;2;88;1;140m   \e[38;2;51;50;51;48;2;88;1;140m▄\e[48;2;51;51;51m   \e[48;2;88;1;140m         \e[38;2;88;1;140;48;2;30;0;48m▄\e[38;2;30;0;48;49m▄▄\e[49m             \e[m
\e[49m         \e[38;2;30;0;48;49m▄\e[38;2;40;0;64;49m▄\e[38;2;88;1;140;48;2;30;0;48m▄▄\e[48;2;88;1;140m      \e[48;2;51;51;51m   \e[38;2;73;20;104;48;2;51;51;51m▄\e[48;2;88;1;140m            \e[38;2;88;1;140;48;2;30;0;48m▄▄\e[38;2;40;0;64;49m▄\e[38;2;30;0;48;49m▄\e[49m         \e[m
\e[49m      \e[38;2;57;0;92;49m▄\e[38;2;88;1;140;48;2;30;0;48m▄\e[48;2;88;1;140m          \e[38;2;51;51;51;48;2;88;1;140m▄\e[48;2;51;51;51m   \e[48;2;88;1;140m                  \e[38;2;88;1;140;48;2;30;0;48m▄\e[38;2;57;0;92;49m▄\e[49m      \e[m
\e[49m    \e[38;2;30;0;48;49m▄\e[38;2;88;1;140;48;2;34;0;55m▄\e[48;2;88;1;140m            \e[48;2;51;51;51m   \e[38;2;88;1;140;48;2;51;51;51m▄\e[48;2;88;1;140m        \e[38;2;0;0;0;48;2;88;1;140m▄▄▄\e[38;2;0;0;0;48;2;21;0;35m▄\e[48;2;0;0;0m    \e[38;2;0;0;0;48;2;88;1;140m▄\e[38;2;85;0;135;48;2;88;1;140m▄\e[48;2;88;1;140m  \e[38;2;88;1;140;48;2;34;0;55m▄\e[38;2;30;0;48;49m▄\e[49m    \e[m
\e[49m    \e[38;2;88;1;140;48;2;30;0;48m▄\e[48;2;88;1;140m  \e[38;2;102;102;102;48;2;88;1;140m▄\e[48;2;88;1;140m         \e[38;2;51;51;51;48;2;88;1;140m▄\e[48;2;51;51;51m \e[38;2;88;1;140;48;2;51;51;51m▄▄\e[38;2;254;253;254;48;2;88;1;140m▄\e[38;2;255;255;255;48;2;88;1;140m▄\e[48;2;255;255;255m  \e[38;2;255;255;255;48;2;88;1;140m▄\e[38;2;254;253;254;48;2;88;1;140m▄\e[48;2;88;1;140m \e[38;2;88;1;140;48;2;0;0;0m▄\e[48;2;0;0;0m      \e[38;2;8;0;13;48;2;0;0;0m▄\e[38;2;88;1;140;48;2;0;0;0m▄▄▄\e[38;2;88;1;140;48;2;86;0;138m▄\e[48;2;88;1;140m   \e[38;2;88;1;140;48;2;30;0;48m▄\e[49m    \e[m
\e[49m    \e[48;2;88;1;140m   \e[48;2;102;102;102m  \e[38;2;102;102;102;48;2;88;1;140m▄\e[48;2;88;1;140m        \e[38;2;255;255;255;48;2;88;1;140m▄▄\e[48;2;255;255;255m        \e[38;2;255;255;255;48;2;88;1;140m▄▄\e[38;2;88;1;140;48;2;0;0;0m▄▄\e[48;2;88;1;140m            \e[49m    \e[m
\e[49m    \e[48;2;30;0;48m \e[48;2;88;1;140m  \e[48;2;102;102;102m    \e[38;2;102;102;102;48;2;88;1;140m▄\e[48;2;88;1;140m   \e[38;2;255;255;255;48;2;88;1;140m▄\e[48;2;255;255;255m     \e[38;2;88;1;140;48;2;255;255;255m▄▄\e[48;2;88;1;140m  \e[38;2;88;1;140;48;2;255;255;255m▄▄\e[48;2;255;255;255m     \e[38;2;255;255;255;48;2;88;1;140m▄\e[48;2;88;1;140m          \e[48;2;30;0;48m \e[49m    \e[m
\e[49m    \e[48;2;30;0;48m \e[48;2;88;1;140m   \e[38;2;88;1;140;48;2;102;102;102m▄\e[48;2;102;102;102m    \e[38;2;102;102;102;48;2;88;1;140m▄\e[48;2;88;1;140m \e[48;2;255;255;255m    \e[38;2;88;1;140;48;2;255;255;255m▄\e[48;2;88;1;140m        \e[38;2;88;1;140;48;2;255;255;255m▄\e[48;2;255;255;255m    \e[48;2;88;1;140m          \e[48;2;30;0;48m \e[49m    \e[m
\e[49m    \e[48;2;30;0;48m \e[48;2;88;1;140m     \e[38;2;88;1;140;48;2;102;102;102m▄\e[48;2;102;102;102m   \e[38;2;88;1;140;48;2;102;102;102m▄\e[48;2;255;255;255m    \e[48;2;88;1;140m          \e[48;2;255;255;255m    \e[48;2;88;1;140m \e[48;2;255;255;255m \e[38;2;255;255;255;48;2;88;1;140m▄\e[48;2;88;1;140m       \e[48;2;30;0;48m \e[49m    \e[m
\e[49m    \e[48;2;30;0;48m \e[48;2;88;1;140m       \e[38;2;88;1;140;48;2;102;102;102m▄\e[48;2;102;102;102m \e[48;2;88;1;140m \e[48;2;255;255;255m    \e[48;2;88;1;140m          \e[48;2;255;255;255m    \e[38;2;255;255;255;48;2;88;1;140m▄\e[48;2;255;255;255m   \e[38;2;255;255;255;48;2;88;1;140m▄\e[48;2;88;1;140m     \e[48;2;30;0;48m \e[49m    \e[m
\e[49m    \e[48;2;30;0;48m \e[48;2;88;1;140m          \e[48;2;255;255;255m    \e[38;2;255;255;255;48;2;88;1;140m▄\e[48;2;88;1;140m        \e[38;2;255;255;255;48;2;88;1;140m▄\e[48;2;255;255;255m    \e[48;2;88;1;140m \e[38;2;88;1;140;48;2;255;255;255m▄\e[48;2;255;255;255m    \e[38;2;255;255;255;48;2;88;1;140m▄\e[48;2;88;1;140m   \e[48;2;30;0;48m \e[49m    \e[m
\e[49m    \e[48;2;30;0;48m \e[48;2;88;1;140m          \e[38;2;88;1;140;48;2;255;255;255m▄\e[48;2;255;255;255m     \e[38;2;255;255;255;48;2;88;1;140m▄▄\e[48;2;88;1;140m  \e[38;2;255;255;255;48;2;88;1;140m▄▄\e[48;2;255;255;255m     \e[38;2;88;1;140;48;2;255;255;255m▄\e[48;2;88;1;140m   \e[38;2;88;1;140;48;2;255;255;255m▄\e[48;2;255;255;255m    \e[48;2;88;1;140m  \e[48;2;30;0;48m \e[49m    \e[m
\e[49m    \e[48;2;88;1;140m            \e[38;2;153;153;153;48;2;88;1;140m▄▄\e[38;2;88;1;140;48;2;255;255;255m▄▄\e[48;2;255;255;255m        \e[38;2;88;1;140;48;2;255;255;255m▄▄\e[48;2;88;1;140m        \e[38;2;88;1;140;48;2;255;255;255m▄\e[48;2;255;255;255m  \e[48;2;88;1;140m   \e[49m    \e[m
\e[49m    \e[38;2;30;0;48;48;2;88;1;140m▄\e[48;2;88;1;140m   \e[38;2;89;3;140;48;2;88;1;140m▄\e[38;2;153;153;153;48;2;88;1;140m▄▄▄\e[38;2;153;153;153;48;2;149;143;152m▄\e[48;2;153;153;153m      \e[38;2;153;153;153;48;2;88;1;140m▄\e[48;2;88;1;140m \e[38;2;88;1;140;48;2;255;255;255m▄▄\e[48;2;255;255;255m  \e[38;2;88;1;140;48;2;255;255;255m▄▄\e[38;2;204;204;204;48;2;88;1;140m▄▄\e[48;2;204;204;204m \e[38;2;88;1;140;48;2;204;204;204m▄\e[48;2;88;1;140m         \e[38;2;88;1;140;48;2;255;255;255m▄\e[48;2;88;1;140m  \e[38;2;30;0;48;48;2;88;1;140m▄\e[49m    \e[m
\e[49m    \e[49;38;2;30;0;48m▀\e[38;2;34;0;55;48;2;88;1;140m▄\e[48;2;88;1;140m  \e[38;2;88;1;140;48;2;89;2;140m▄\e[38;2;88;1;140;48;2;153;153;153m▄\e[48;2;153;153;153m    \e[38;2;131;101;148;48;2;153;153;153m▄\e[38;2;88;1;140;48;2;153;153;153m▄▄▄\e[38;2;88;1;140;48;2;87;0;140m▄\e[48;2;88;1;140m       \e[38;2;204;204;204;48;2;88;1;140m▄\e[48;2;204;204;204m   \e[48;2;88;1;140m            \e[38;2;34;0;55;48;2;88;1;140m▄\e[49;38;2;30;0;48m▀\e[49m    \e[m
\e[49m      \e[49;38;2;57;0;92m▀\e[38;2;30;0;48;48;2;88;1;140m▄\e[48;2;88;1;140m                  \e[48;2;204;204;204m   \e[38;2;88;1;140;48;2;204;204;204m▄\e[48;2;88;1;140m          \e[38;2;30;0;48;48;2;88;1;140m▄\e[49;38;2;57;0;92m▀\e[49m      \e[m
\e[49m         \e[49;38;2;30;0;48m▀\e[49;38;2;40;0;64m▀\e[38;2;30;0;48;48;2;88;1;140m▄▄\e[48;2;88;1;140m            \e[38;2;204;204;204;48;2;137;85;168m▄\e[48;2;204;204;204m   \e[48;2;88;1;140m      \e[38;2;30;0;48;48;2;88;1;140m▄▄\e[49;38;2;40;0;64m▀\e[49;38;2;30;0;48m▀\e[49m         \e[m
\e[49m             \e[49;38;2;30;0;48m▀▀\e[38;2;30;0;48;48;2;88;1;140m▄\e[48;2;88;1;140m         \e[48;2;204;204;204m   \e[38;2;88;1;140;48;2;203;202;203m▄\e[48;2;88;1;140m   \e[38;2;30;0;48;48;2;88;1;140m▄\e[49;38;2;30;0;48m▀▀\e[49m             \e[m
\e[49m                 \e[49;38;2;30;0;48m▀\e[38;2;30;0;48;48;2;88;1;140m▄\e[48;2;88;1;140m     \e[38;2;88;1;140;48;2;204;204;204m▄\e[38;2;88;1;140;48;2;203;203;203m▄\e[48;2;88;1;140m   \e[38;2;30;0;48;48;2;88;1;140m▄\e[49;38;2;30;0;48m▀\e[49m                 \e[m
\e[49m                   \e[49;38;2;30;0;48m▀\e[49;38;2;88;1;140m▀\e[38;2;30;0;48;48;2;88;1;140m▄\e[48;2;88;1;140m    \e[38;2;30;0;48;48;2;88;1;140m▄\e[49;38;2;88;1;140m▀\e[49;38;2;30;0;48m▀\e[49m                   \e[m
\e[49m                                                \e[m
";
}
frame4() {
printf "\e[49m                                                \e[m
\e[49m                   \e[38;2;30;0;48;49m▄\e[38;2;88;1;140;49m▄\e[38;2;88;1;140;48;2;30;0;48m▄\e[48;2;88;1;140m    \e[38;2;88;1;140;48;2;30;0;48m▄\e[38;2;88;1;140;49m▄\e[38;2;30;0;48;49m▄\e[49m                   \e[m
\e[49m                 \e[38;2;30;0;48;49m▄\e[38;2;88;1;140;48;2;30;0;48m▄\e[48;2;88;1;140m          \e[38;2;88;1;140;48;2;30;0;48m▄\e[38;2;30;0;48;49m▄\e[49m                 \e[m
\e[49m             \e[38;2;30;0;48;49m▄▄\e[38;2;88;1;140;48;2;30;0;48m▄\e[38;2;51;51;51;48;2;88;1;140m▄▄\e[48;2;51;51;51m \e[48;2;88;1;140m             \e[38;2;88;1;140;48;2;30;0;48m▄\e[38;2;30;0;48;49m▄▄\e[49m             \e[m
\e[49m         \e[38;2;30;0;48;49m▄\e[38;2;40;0;64;49m▄\e[38;2;88;1;140;48;2;30;0;48m▄▄\e[48;2;88;1;140m  \e[48;2;51;51;51m    \e[48;2;88;1;140m             \e[38;2;0;0;0;48;2;88;1;140m▄\e[38;2;0;0;0;48;2;63;0;101m▄\e[38;2;0;0;0;48;2;88;1;140m▄\e[38;2;82;0;130;48;2;30;0;48m▄\e[38;2;88;1;140;48;2;30;0;48m▄\e[38;2;40;0;64;49m▄\e[38;2;30;0;48;49m▄\e[49m         \e[m
\e[49m      \e[38;2;57;0;92;49m▄\e[38;2;88;1;140;48;2;30;0;48m▄\e[48;2;88;1;140m       \e[48;2;51;51;51m    \e[48;2;88;1;140m         \e[38;2;0;0;0;48;2;88;1;140m▄▄\e[48;2;0;0;0m     \e[38;2;88;1;140;48;2;0;0;0m▄▄\e[48;2;88;1;140m   \e[38;2;88;1;140;48;2;30;0;48m▄\e[38;2;57;0;92;49m▄\e[49m      \e[m
\e[49m    \e[38;2;30;0;48;49m▄\e[38;2;88;1;140;48;2;35;0;55m▄\e[48;2;88;1;140m         \e[48;2;51;51;51m    \e[48;2;88;1;140m      \e[38;2;0;0;0;48;2;88;1;140m▄\e[38;2;0;0;0;48;2;87;1;139m▄\e[48;2;0;0;0m     \e[38;2;88;1;140;48;2;0;0;0m▄\e[38;2;88;1;140;48;2;42;0;67m▄\e[48;2;88;1;140m        \e[38;2;88;1;140;48;2;35;0;55m▄\e[38;2;30;0;48;49m▄\e[49m    \e[m
\e[49m    \e[38;2;88;1;140;48;2;30;0;48m▄\e[48;2;88;1;140m          \e[48;2;51;51;51m    \e[48;2;88;1;140m  \e[38;2;254;254;254;48;2;88;1;140m▄\e[38;2;255;255;255;48;2;88;1;140m▄\e[48;2;255;255;255m  \e[38;2;255;255;255;48;2;88;1;140m▄\e[38;2;254;254;254;48;2;80;0;127m▄\e[38;2;88;1;140;48;2;0;0;0m▄▄▄\e[48;2;88;1;140m             \e[38;2;88;1;140;48;2;30;0;48m▄\e[49m    \e[m
\e[49m    \e[48;2;88;1;140m           \e[48;2;51;51;51m \e[38;2;88;1;140;48;2;51;51;51m▄▄\e[38;2;255;255;255;48;2;88;1;140m▄▄\e[48;2;255;255;255m        \e[38;2;255;255;255;48;2;88;1;140m▄▄\e[48;2;88;1;140m              \e[49m    \e[m
\e[49m    \e[48;2;30;0;48m \e[38;2;88;0;140;48;2;88;1;140m▄\e[48;2;88;1;140m         \e[38;2;255;255;255;48;2;88;1;140m▄\e[48;2;255;255;255m     \e[38;2;88;1;140;48;2;255;255;255m▄▄\e[48;2;88;1;140m  \e[38;2;88;1;140;48;2;255;255;255m▄\e[38;2;87;0;140;48;2;255;255;255m▄\e[48;2;255;255;255m     \e[38;2;255;255;255;48;2;88;1;140m▄\e[38;2;137;77;173;48;2;88;1;140m▄\e[48;2;88;1;140m         \e[48;2;30;0;48m \e[49m    \e[m
\e[49m    \e[48;2;30;0;48m \e[48;2;88;1;140m \e[48;2;102;102;102m \e[38;2;102;102;102;48;2;99;79;110m▄\e[38;2;102;102;102;48;2;88;1;140m▄\e[48;2;88;1;140m      \e[48;2;255;255;255m    \e[38;2;88;1;140;48;2;255;255;255m▄\e[48;2;88;1;140m        \e[38;2;88;1;140;48;2;255;255;255m▄\e[48;2;255;255;255m    \e[38;2;170;126;196;48;2;173;131;198m▄\e[48;2;255;255;255m \e[38;2;255;255;255;48;2;88;1;140m▄▄\e[48;2;88;1;140m      \e[48;2;30;0;48m \e[49m    \e[m
\e[49m    \e[48;2;30;0;48m \e[48;2;88;1;140m \e[48;2;102;102;102m     \e[38;2;102;102;102;48;2;88;1;140m▄▄\e[48;2;88;1;140m  \e[48;2;255;255;255m    \e[48;2;88;1;140m          \e[48;2;255;255;255m    \e[38;2;100;20;148;48;2;157;107;188m▄\e[48;2;255;255;255m     \e[38;2;255;255;255;48;2;88;1;140m▄\e[38;2;116;45;159;48;2;88;1;140m▄\e[48;2;88;1;140m  \e[48;2;30;0;48m \e[49m    \e[m
\e[49m    \e[48;2;30;0;48m \e[48;2;88;1;140m  \e[38;2;88;1;140;48;2;89;13;135m▄\e[38;2;88;1;140;48;2;102;102;102m▄\e[48;2;102;102;102m     \e[38;2;94;45;123;48;2;89;12;135m▄\e[48;2;255;255;255m    \e[48;2;88;1;140m          \e[48;2;255;255;255m    \e[48;2;88;1;140m  \e[38;2;88;1;140;48;2;255;255;255m▄▄\e[48;2;255;255;255m     \e[48;2;88;1;140m \e[48;2;30;0;48m \e[49m    \e[m
\e[49m    \e[48;2;30;0;48m \e[48;2;88;1;140m      \e[38;2;88;1;140;48;2;102;102;102m▄▄\e[48;2;102;102;102m \e[38;2;95;58;118;48;2;95;55;119m▄\e[48;2;255;255;255m    \e[38;2;255;255;255;48;2;88;1;140m▄\e[48;2;88;1;140m        \e[38;2;255;255;255;48;2;88;1;140m▄\e[48;2;255;255;255m    \e[48;2;88;1;140m      \e[38;2;88;1;140;48;2;255;255;255m▄\e[38;2;205;180;221;48;2;255;255;255m▄\e[48;2;255;255;255m \e[48;2;88;1;140m \e[48;2;30;0;48m \e[49m    \e[m
\e[49m    \e[48;2;30;0;48m \e[48;2;88;1;140m         \e[38;2;88;1;140;48;2;92;32;128m▄\e[38;2;88;1;140;48;2;255;255;255m▄\e[48;2;255;255;255m     \e[38;2;255;255;255;48;2;88;1;140m▄▄\e[48;2;88;1;140m  \e[38;2;255;255;255;48;2;88;1;140m▄▄\e[48;2;255;255;255m     \e[38;2;88;1;140;48;2;255;255;255m▄\e[48;2;88;1;140m         \e[38;2;88;1;140;48;2;87;1;139m▄\e[48;2;30;0;48m \e[49m    \e[m
\e[49m    \e[48;2;88;1;140m              \e[38;2;88;1;140;48;2;255;255;255m▄▄\e[48;2;255;255;255m        \e[38;2;88;1;140;48;2;255;255;255m▄▄\e[38;2;204;204;204;48;2;88;1;140m▄▄\e[48;2;204;204;204m \e[48;2;88;1;140m           \e[49m    \e[m
\e[49m    \e[38;2;30;0;48;48;2;88;1;140m▄\e[48;2;88;1;140m             \e[38;2;153;153;153;48;2;88;1;140m▄▄▄\e[38;2;98;26;142;48;2;255;255;255m▄\e[38;2;88;1;140;48;2;255;255;255m▄\e[48;2;255;255;255m  \e[38;2;88;1;140;48;2;255;255;255m▄▄\e[48;2;88;1;140m  \e[48;2;204;204;204m    \e[48;2;88;1;140m          \e[38;2;30;0;48;48;2;88;1;140m▄\e[49m    \e[m
\e[49m    \e[49;38;2;30;0;48m▀\e[38;2;35;0;55;48;2;88;1;140m▄\e[48;2;88;1;140m        \e[38;2;128;95;148;48;2;88;1;140m▄\e[38;2;153;153;153;48;2;88;1;140m▄\e[48;2;153;153;153m     \e[38;2;88;1;140;48;2;153;153;153m▄▄\e[48;2;88;1;140m      \e[48;2;204;204;204m    \e[48;2;88;1;140m         \e[38;2;35;0;55;48;2;88;1;140m▄\e[49;38;2;30;0;48m▀\e[49m    \e[m
\e[49m      \e[49;38;2;57;0;92m▀\e[38;2;30;0;48;48;2;88;1;140m▄\e[48;2;88;1;140m   \e[38;2;153;153;153;48;2;88;1;140m▄▄\e[48;2;153;153;153m     \e[38;2;88;1;140;48;2;153;153;153m▄▄\e[48;2;88;1;140m         \e[48;2;204;204;204m    \e[48;2;88;1;140m       \e[38;2;30;0;48;48;2;88;1;140m▄\e[49;38;2;57;0;92m▀\e[49m      \e[m
\e[49m         \e[49;38;2;30;0;48m▀\e[49;38;2;40;0;64m▀\e[38;2;30;0;48;48;2;88;1;140m▄\e[38;2;30;0;48;48;2;90;5;141m▄\e[38;2;88;1;140;48;2;153;153;153m▄\e[38;2;99;27;142;48;2;153;153;153m▄\e[38;2;88;1;140;48;2;153;153;153m▄\e[48;2;88;1;140m             \e[48;2;204;204;204m    \e[48;2;88;1;140m  \e[38;2;30;0;48;48;2;88;1;140m▄▄\e[49;38;2;40;0;64m▀\e[49;38;2;30;0;48m▀\e[49m         \e[m
\e[49m             \e[49;38;2;30;0;48m▀▀\e[38;2;30;0;48;48;2;88;1;140m▄\e[48;2;88;1;140m             \e[48;2;204;204;204m \e[38;2;88;1;140;48;2;204;204;204m▄▄\e[38;2;30;0;48;48;2;88;1;140m▄\e[49;38;2;30;0;48m▀▀\e[49m             \e[m
\e[49m                 \e[49;38;2;30;0;48m▀\e[38;2;30;0;48;48;2;88;1;140m▄\e[48;2;88;1;140m          \e[38;2;30;0;48;48;2;88;1;140m▄\e[49;38;2;30;0;48m▀\e[49m                 \e[m
\e[49m                   \e[49;38;2;30;0;48m▀\e[49;38;2;88;1;140m▀\e[38;2;30;0;48;48;2;88;1;140m▄\e[48;2;88;1;140m    \e[38;2;30;0;48;48;2;88;1;140m▄\e[49;38;2;88;1;140m▀\e[49;38;2;30;0;48m▀\e[49m                   \e[m
\e[49m                                                \e[m
";
}
frame5() {
printf "\e[49m                                                \e[m
\e[49m                   \e[38;2;30;0;48;49m▄\e[38;2;88;1;140;49m▄\e[38;2;88;1;140;48;2;30;0;48m▄\e[48;2;88;1;140m    \e[38;2;88;1;140;48;2;30;0;48m▄\e[38;2;88;1;140;49m▄\e[38;2;30;0;48;49m▄\e[49m                   \e[m
\e[49m                 \e[38;2;30;0;48;49m▄\e[38;2;88;1;140;48;2;30;0;48m▄\e[48;2;88;1;140m          \e[38;2;88;1;140;48;2;30;0;48m▄\e[38;2;30;0;48;49m▄\e[49m                 \e[m
\e[49m             \e[38;2;30;0;48;49m▄▄\e[38;2;88;1;140;48;2;30;0;48m▄\e[48;2;88;1;140m            \e[38;2;0;0;0;48;2;88;1;140m▄▄▄▄\e[38;2;0;0;0;48;2;30;0;48m▄\e[38;2;30;0;48;49m▄▄\e[49m             \e[m
\e[49m         \e[38;2;30;0;48;49m▄\e[38;2;40;0;64;49m▄\e[38;2;88;1;140;48;2;30;0;48m▄▄\e[38;2;51;51;51;48;2;86;2;136m▄\e[38;2;51;51;51;48;2;87;2;137m▄\e[48;2;88;1;140m           \e[38;2;0;0;0;48;2;88;1;140m▄\e[48;2;0;0;0m    \e[38;2;88;1;140;48;2;0;0;0m▄\e[48;2;88;1;140m   \e[38;2;88;1;140;48;2;30;0;48m▄▄\e[38;2;40;0;64;49m▄\e[38;2;30;0;48;49m▄\e[49m         \e[m
\e[49m      \e[38;2;57;0;92;49m▄\e[38;2;88;1;140;48;2;30;0;48m▄\e[48;2;88;1;140m    \e[48;2;51;51;51m   \e[48;2;88;1;140m         \e[38;2;0;0;0;48;2;88;1;140m▄\e[48;2;0;0;0m    \e[38;2;88;1;140;48;2;0;0;0m▄\e[48;2;88;1;140m          \e[38;2;88;1;140;48;2;30;0;48m▄\e[38;2;57;0;92;49m▄\e[49m      \e[m
\e[49m    \e[38;2;30;0;48;49m▄\e[38;2;88;1;140;48;2;34;0;55m▄\e[48;2;88;1;140m      \e[48;2;51;51;51m   \e[38;2;51;51;51;48;2;54;46;59m▄\e[48;2;88;1;140m      \e[38;2;0;0;0;48;2;88;1;140m▄\e[48;2;0;0;0m    \e[38;2;88;1;140;48;2;0;0;0m▄\e[48;2;88;1;140m              \e[38;2;88;1;140;48;2;34;0;55m▄\e[38;2;30;0;48;49m▄\e[49m    \e[m
\e[49m    \e[38;2;88;1;140;48;2;30;0;48m▄\e[48;2;88;1;140m       \e[38;2;88;1;140;48;2;62;35;78m▄\e[48;2;51;51;51m   \e[48;2;88;1;140m     \e[38;2;254;254;254;48;2;88;1;140m▄\e[38;2;255;255;255;48;2;88;1;140m▄\e[48;2;255;255;255m  \e[38;2;255;255;255;48;2;0;0;0m▄\e[38;2;254;254;254;48;2;88;1;140m▄\e[48;2;88;1;140m                \e[38;2;88;1;140;48;2;30;0;48m▄\e[49m    \e[m
\e[49m    \e[48;2;88;1;140m         \e[48;2;51;51;51m    \e[48;2;88;1;140m \e[38;2;255;255;255;48;2;88;1;140m▄▄\e[48;2;255;255;255m        \e[38;2;255;255;255;48;2;88;1;140m▄▄\e[48;2;88;1;140m  \e[38;2;255;255;255;48;2;88;1;140m▄\e[48;2;88;1;140m           \e[49m    \e[m
\e[49m    \e[48;2;30;0;48m \e[48;2;88;1;140m         \e[48;2;51;51;51m \e[38;2;255;255;255;48;2;51;51;51m▄\e[48;2;255;255;255m     \e[38;2;88;1;140;48;2;255;255;255m▄▄\e[48;2;88;1;140m  \e[38;2;88;1;140;48;2;255;255;255m▄▄\e[48;2;255;255;255m          \e[38;2;255;255;255;48;2;88;1;140m▄▄▄\e[38;2;254;253;254;48;2;88;1;140m▄\e[48;2;88;1;140m  \e[48;2;30;0;48m \e[49m    \e[m
\e[49m    \e[48;2;30;0;48m \e[48;2;88;1;140m          \e[48;2;255;255;255m    \e[38;2;88;1;140;48;2;255;255;255m▄\e[48;2;88;1;140m        \e[38;2;88;1;140;48;2;255;255;255m▄\e[48;2;255;255;255m    \e[38;2;88;1;140;48;2;255;255;255m▄▄\e[48;2;255;255;255m       \e[48;2;88;1;140m \e[48;2;30;0;48m \e[49m    \e[m
\e[49m    \e[48;2;30;0;48m \e[48;2;88;1;140m          \e[48;2;255;255;255m    \e[48;2;88;1;140m          \e[48;2;255;255;255m    \e[48;2;88;1;140m     \e[38;2;88;1;140;48;2;149;94;182m▄\e[38;2;88;1;140;48;2;255;255;255m▄▄▄\e[48;2;255;255;255m \e[48;2;30;0;48m \e[49m    \e[m
\e[49m    \e[48;2;30;0;48m \e[48;2;102;102;102m \e[38;2;102;102;102;48;2;88;1;140m▄▄▄\e[38;2;95;52;120;48;2;88;1;140m▄\e[48;2;88;1;140m     \e[48;2;255;255;255m    \e[48;2;88;1;140m          \e[48;2;255;255;255m    \e[48;2;88;1;140m          \e[48;2;30;0;48m \e[49m    \e[m
\e[49m    \e[48;2;30;0;48m \e[48;2;88;1;140m \e[48;2;102;102;102m       \e[38;2;102;102;102;48;2;88;1;140m▄▄\e[48;2;255;255;255m    \e[38;2;255;255;255;48;2;88;1;140m▄\e[48;2;88;1;140m        \e[38;2;255;255;255;48;2;88;1;140m▄\e[48;2;255;255;255m    \e[48;2;88;1;140m          \e[48;2;30;0;48m \e[49m    \e[m
\e[49m    \e[48;2;30;0;48m \e[48;2;88;1;140m  \e[38;2;88;1;140;48;2;101;100;102m▄\e[38;2;88;1;140;48;2;102;102;102m▄▄▄\e[48;2;102;102;102m    \e[38;2;102;102;102;48;2;255;255;255m▄\e[48;2;255;255;255m     \e[38;2;255;255;255;48;2;88;1;140m▄▄\e[48;2;88;1;140m  \e[38;2;255;255;255;48;2;88;1;140m▄▄\e[48;2;255;255;255m     \e[38;2;204;204;204;48;2;255;255;255m▄\e[48;2;204;204;204m \e[48;2;88;1;140m         \e[48;2;30;0;48m \e[49m    \e[m
\e[49m    \e[48;2;88;1;140m           \e[38;2;88;1;140;48;2;102;102;102m▄\e[48;2;88;1;140m  \e[38;2;88;1;140;48;2;255;255;255m▄▄\e[48;2;255;255;255m        \e[38;2;88;1;140;48;2;255;255;255m▄▄\e[48;2;88;1;140m \e[48;2;204;204;204m    \e[48;2;88;1;140m         \e[49m    \e[m
\e[49m    \e[38;2;30;0;48;48;2;88;1;140m▄\e[48;2;88;1;140m                \e[38;2;88;1;140;48;2;255;255;255m▄\e[38;2;153;153;153;48;2;255;255;255m▄\e[48;2;255;255;255m  \e[38;2;88;1;140;48;2;255;255;255m▄▄\e[48;2;88;1;140m     \e[48;2;204;204;204m   \e[38;2;169;144;185;48;2;88;1;140m▄\e[48;2;88;1;140m       \e[38;2;30;0;48;48;2;88;1;140m▄\e[49m    \e[m
\e[49m    \e[49;38;2;30;0;48m▀\e[38;2;34;0;55;48;2;88;1;140m▄\e[48;2;88;1;140m              \e[38;2;153;153;153;48;2;88;1;140m▄\e[48;2;153;153;153m    \e[38;2;88;1;140;48;2;153;153;153m▄\e[48;2;88;1;140m      \e[38;2;193;184;197;48;2;204;204;204m▄\e[48;2;204;204;204m   \e[48;2;88;1;140m      \e[38;2;34;0;55;48;2;88;1;140m▄\e[49;38;2;30;0;48m▀\e[49m    \e[m
\e[49m      \e[49;38;2;57;0;92m▀\e[38;2;30;0;48;48;2;88;1;140m▄\e[48;2;88;1;140m          \e[38;2;153;153;153;48;2;88;1;140m▄\e[48;2;153;153;153m    \e[38;2;88;1;140;48;2;153;153;153m▄\e[48;2;88;1;140m         \e[48;2;204;204;204m   \e[48;2;88;1;140m    \e[38;2;30;0;48;48;2;88;1;140m▄\e[49;38;2;57;0;92m▀\e[49m      \e[m
\e[49m         \e[49;38;2;30;0;48m▀\e[49;38;2;40;0;64m▀\e[38;2;30;0;48;48;2;88;1;140m▄▄\e[48;2;88;1;140m   \e[38;2;153;153;153;48;2;88;1;140m▄\e[48;2;153;153;153m    \e[38;2;88;1;140;48;2;153;153;153m▄\e[48;2;88;1;140m           \e[38;2;90;5;141;48;2;204;204;204m▄\e[38;2;89;3;140;48;2;204;204;204m▄\e[38;2;30;0;48;48;2;88;1;140m▄▄\e[49;38;2;40;0;64m▀\e[49;38;2;30;0;48m▀\e[49m         \e[m
\e[49m             \e[49;38;2;30;0;48m▀▀\e[38;2;30;0;48;48;2;153;153;153m▄\e[38;2;88;1;140;48;2;153;153;153m▄▄▄▄\e[48;2;88;1;140m            \e[38;2;30;0;48;48;2;88;1;140m▄\e[49;38;2;30;0;48m▀▀\e[49m             \e[m
\e[49m                 \e[49;38;2;30;0;48m▀\e[38;2;30;0;48;48;2;88;1;140m▄\e[48;2;88;1;140m          \e[38;2;30;0;48;48;2;88;1;140m▄\e[49;38;2;30;0;48m▀\e[49m                 \e[m
\e[49m                   \e[49;38;2;30;0;48m▀\e[49;38;2;88;1;140m▀\e[38;2;30;0;48;48;2;88;1;140m▄\e[48;2;88;1;140m    \e[38;2;30;0;48;48;2;88;1;140m▄\e[49;38;2;88;1;140m▀\e[49;38;2;30;0;48m▀\e[49m                   \e[m
\e[49m                                                \e[m
";
}
frame6() {
printf "\e[49m                                                \e[m
\e[49m                   \e[38;2;30;0;48;49m▄\e[38;2;88;1;140;49m▄\e[38;2;88;1;140;48;2;30;0;48m▄\e[48;2;88;1;140m    \e[38;2;88;1;140;48;2;30;0;48m▄\e[38;2;88;1;140;49m▄\e[38;2;30;0;48;49m▄\e[49m                   \e[m
\e[49m                 \e[38;2;30;0;48;49m▄\e[38;2;88;1;140;48;2;30;0;48m▄\e[48;2;88;1;140m         \e[38;2;87;1;139;48;2;88;1;140m▄\e[38;2;88;1;140;48;2;30;0;48m▄\e[38;2;30;0;48;49m▄\e[49m                 \e[m
\e[49m             \e[38;2;30;0;48;49m▄\e[38;2;30;0;49;49m▄\e[38;2;88;1;140;48;2;30;0;48m▄\e[48;2;88;1;140m       \e[38;2;72;0;115;48;2;88;1;140m▄\e[48;2;0;0;0m   \e[38;2;26;0;41;48;2;0;0;0m▄\e[48;2;88;1;140m    \e[38;2;88;1;140;48;2;30;0;48m▄\e[38;2;30;0;49;49m▄\e[38;2;30;0;48;49m▄\e[49m             \e[m
\e[49m         \e[38;2;30;0;48;49m▄\e[38;2;40;0;64;49m▄\e[38;2;88;1;140;48;2;30;0;48m▄▄\e[48;2;88;1;140m         \e[38;2;0;0;0;48;2;88;1;140m▄\e[48;2;0;0;0m   \e[38;2;88;1;140;48;2;0;0;0m▄\e[48;2;88;1;140m        \e[38;2;88;1;140;48;2;30;0;48m▄▄\e[38;2;40;0;64;49m▄\e[38;2;30;0;48;49m▄\e[49m         \e[m
\e[49m      \e[38;2;57;0;91;49m▄\e[38;2;88;1;140;48;2;30;0;48m▄\e[48;2;88;1;140m  \e[38;2;51;51;51;48;2;88;1;140m▄\e[48;2;88;1;140m          \e[38;2;0;0;0;48;2;88;1;140m▄\e[48;2;0;0;0m   \e[38;2;88;1;140;48;2;0;0;0m▄\e[48;2;88;1;140m              \e[38;2;88;1;140;48;2;30;0;48m▄\e[38;2;57;0;91;49m▄\e[49m      \e[m
\e[49m    \e[38;2;30;0;48;49m▄\e[38;2;88;1;140;48;2;34;0;54m▄\e[48;2;88;1;140m   \e[38;2;51;51;51;48;2;85;3;134m▄\e[48;2;51;51;51m \e[38;2;51;51;51;48;2;88;1;140m▄\e[48;2;88;1;140m        \e[38;2;0;0;0;48;2;88;1;140m▄\e[48;2;0;0;0m   \e[38;2;88;1;140;48;2;0;0;0m▄\e[48;2;88;1;140m                 \e[38;2;88;1;140;48;2;34;0;54m▄\e[38;2;30;0;48;49m▄\e[49m    \e[m
\e[49m    \e[38;2;88;1;140;48;2;30;0;48m▄\e[48;2;88;1;140m   \e[38;2;88;1;140;48;2;78;12;118m▄\e[48;2;51;51;51m   \e[38;2;51;51;51;48;2;66;29;88m▄\e[48;2;88;1;140m      \e[38;2;88;1;140;48;2;62;0;99m▄\e[38;2;88;1;140;48;2;51;0;82m▄\e[38;2;254;253;254;48;2;53;0;85m▄\e[38;2;255;255;255;48;2;58;0;93m▄\e[38;2;255;255;255;48;2;237;234;239m▄\e[48;2;255;255;255m \e[38;2;255;255;255;48;2;88;1;140m▄\e[38;2;254;253;254;48;2;88;1;140m▄\e[48;2;88;1;140m   \e[38;2;255;255;255;48;2;88;1;140m▄▄▄▄▄▄▄▄▄▄\e[48;2;88;1;140m   \e[38;2;88;1;140;48;2;30;0;48m▄\e[49m    \e[m
\e[49m    \e[48;2;88;1;140m      \e[48;2;51;51;51m    \e[48;2;88;1;140m    \e[38;2;255;255;255;48;2;88;1;140m▄▄\e[48;2;255;255;255m        \e[38;2;255;255;255;48;2;88;1;140m▄▄\e[48;2;88;1;140m \e[48;2;255;255;255m          \e[48;2;88;1;140m   \e[49m    \e[m
\e[49m    \e[48;2;30;0;48m \e[48;2;88;1;140m      \e[48;2;51;51;51m    \e[38;2;255;255;255;48;2;88;1;140m▄\e[48;2;255;255;255m     \e[38;2;88;1;140;48;2;255;255;255m▄▄\e[48;2;88;1;140m  \e[38;2;88;1;140;48;2;255;255;255m▄▄\e[48;2;255;255;255m      \e[38;2;88;1;140;48;2;255;255;255m▄▄▄▄▄▄▄▄▄\e[48;2;88;1;140m \e[48;2;30;0;48m \e[49m    \e[m
\e[49m    \e[48;2;30;0;48m \e[48;2;88;1;140m       \e[38;2;87;1;140;48;2;51;51;51m▄\e[48;2;51;51;51m \e[38;2;85;5;132;48;2;51;51;51m▄\e[48;2;255;255;255m    \e[38;2;88;1;140;48;2;255;255;255m▄\e[48;2;88;1;140m        \e[38;2;88;1;140;48;2;255;255;255m▄\e[48;2;255;255;255m    \e[48;2;88;1;140m          \e[48;2;30;0;48m \e[49m    \e[m
\e[49m    \e[48;2;30;0;48m \e[48;2;88;1;140m        \e[38;2;88;1;140;48;2;51;51;51m▄\e[48;2;88;1;140m \e[48;2;255;255;255m    \e[48;2;88;1;140m          \e[48;2;255;255;255m    \e[48;2;88;1;140m          \e[48;2;30;0;48m \e[49m    \e[m
\e[49m    \e[48;2;30;0;48m \e[48;2;88;1;140m          \e[48;2;255;255;255m    \e[48;2;88;1;140m          \e[48;2;255;255;255m    \e[48;2;88;1;140m \e[38;2;204;204;204;48;2;88;1;140m▄\e[48;2;88;1;140m        \e[48;2;30;0;48m \e[49m    \e[m
\e[49m    \e[48;2;30;0;48m \e[48;2;88;1;140m          \e[48;2;255;255;255m    \e[38;2;255;255;255;48;2;88;1;140m▄\e[48;2;88;1;140m        \e[38;2;255;255;255;48;2;88;1;140m▄\e[48;2;255;255;255m    \e[38;2;204;204;204;48;2;105;31;150m▄\e[48;2;204;204;204m \e[38;2;204;204;204;48;2;88;2;140m▄\e[48;2;88;1;140m       \e[48;2;30;0;48m \e[49m    \e[m
\e[49m    \e[48;2;30;0;48m \e[48;2;88;1;140m \e[38;2;102;102;102;48;2;88;1;140m▄▄▄▄▄▄▄▄▄\e[38;2;102;102;102;48;2;255;255;255m▄\e[48;2;255;255;255m     \e[38;2;255;255;255;48;2;88;1;140m▄▄\e[48;2;88;1;140m  \e[38;2;255;255;255;48;2;88;1;140m▄▄\e[48;2;255;255;255m     \e[38;2;88;1;140;48;2;255;255;255m▄\e[48;2;204;204;204m    \e[48;2;88;1;140m      \e[48;2;30;0;48m \e[49m    \e[m
\e[49m    \e[48;2;88;1;140m   \e[48;2;102;102;102m          \e[48;2;88;1;140m \e[38;2;88;1;140;48;2;255;255;255m▄▄\e[48;2;255;255;255m        \e[38;2;88;1;140;48;2;255;255;255m▄▄\e[48;2;88;1;140m    \e[48;2;204;204;204m    \e[48;2;88;1;140m      \e[49m    \e[m
\e[49m    \e[38;2;30;0;48;48;2;88;1;140m▄\e[48;2;88;1;140m   \e[38;2;88;1;140;48;2;102;102;102m▄▄▄▄▄▄▄▄▄▄\e[48;2;88;1;140m   \e[38;2;88;1;140;48;2;255;255;255m▄▄\e[48;2;255;255;255m \e[38;2;241;240;242;48;2;255;255;255m▄\e[38;2;121;78;147;48;2;255;255;255m▄\e[38;2;125;88;147;48;2;255;255;255m▄\e[38;2;126;89;147;48;2;88;1;140m▄\e[38;2;112;55;145;48;2;88;1;140m▄\e[48;2;88;1;140m      \e[38;2;149;108;173;48;2;204;204;204m▄\e[48;2;204;204;204m   \e[38;2;111;42;153;48;2;88;1;140m▄\e[48;2;88;1;140m   \e[38;2;30;0;48;48;2;88;1;140m▄\e[49m    \e[m
\e[49m    \e[49;38;2;30;0;48m▀\e[38;2;34;0;54;48;2;88;1;140m▄\e[48;2;88;1;140m                 \e[38;2;153;153;153;48;2;88;1;140m▄\e[48;2;153;153;153m   \e[38;2;88;1;140;48;2;153;153;153m▄\e[48;2;88;1;140m        \e[38;2;88;1;140;48;2;204;204;204m▄\e[48;2;204;204;204m \e[38;2;90;5;141;48;2;204;204;204m▄\e[48;2;88;1;140m   \e[38;2;34;0;54;48;2;88;1;140m▄\e[49;38;2;30;0;48m▀\e[49m    \e[m
\e[49m      \e[49;38;2;57;0;91m▀\e[38;2;30;0;48;48;2;88;1;140m▄\e[48;2;88;1;140m              \e[38;2;153;153;153;48;2;88;1;140m▄\e[48;2;153;153;153m   \e[38;2;88;1;140;48;2;153;153;153m▄\e[48;2;88;1;140m          \e[38;2;88;1;140;48;2;204;204;204m▄\e[48;2;88;1;140m  \e[38;2;30;0;48;48;2;88;1;140m▄\e[49;38;2;57;0;91m▀\e[49m      \e[m
\e[49m         \e[49;38;2;30;0;48m▀\e[49;38;2;40;0;64m▀\e[38;2;30;0;48;48;2;88;1;140m▄▄\e[48;2;88;1;140m        \e[38;2;153;153;153;48;2;88;1;140m▄\e[48;2;153;153;153m   \e[38;2;88;1;140;48;2;153;153;153m▄\e[48;2;88;1;140m         \e[38;2;30;0;48;48;2;88;1;140m▄▄\e[49;38;2;40;0;64m▀\e[49;38;2;30;0;48m▀\e[49m         \e[m
\e[49m             \e[49;38;2;30;0;48m▀\e[49;38;2;30;0;49m▀\e[38;2;30;0;48;48;2;88;1;140m▄\e[48;2;88;1;140m    \e[38;2;153;153;153;48;2;139;120;150m▄\e[48;2;153;153;153m   \e[38;2;88;1;140;48;2;95;16;142m▄\e[48;2;88;1;140m       \e[38;2;30;0;48;48;2;88;1;140m▄\e[49;38;2;30;0;49m▀\e[49;38;2;30;0;48m▀\e[49m             \e[m
\e[49m                 \e[49;38;2;30;0;48m▀\e[38;2;30;0;48;48;2;88;1;140m▄\e[48;2;88;1;140m          \e[38;2;30;0;48;48;2;88;1;140m▄\e[49;38;2;30;0;48m▀\e[49m                 \e[m
\e[49m                   \e[49;38;2;30;0;48m▀\e[49;38;2;88;1;140m▀\e[38;2;30;0;48;48;2;88;1;140m▄\e[48;2;88;1;140m    \e[38;2;30;0;48;48;2;88;1;140m▄\e[49;38;2;88;1;140m▀\e[49;38;2;30;0;48m▀\e[49m                   \e[m
\e[49m                                                \e[m
";
}
frame7() {
printf "\e[49m                                                \e[m
\e[49m                   \e[38;2;30;0;48;49m▄\e[38;2;88;1;140;49m▄\e[38;2;88;1;140;48;2;30;0;48m▄\e[48;2;88;1;140m    \e[38;2;88;1;140;48;2;30;0;48m▄\e[38;2;88;1;140;49m▄\e[38;2;30;0;48;49m▄\e[49m                   \e[m
\e[49m                 \e[38;2;30;0;48;49m▄\e[38;2;88;1;140;48;2;30;0;48m▄\e[48;2;88;1;140m   \e[38;2;0;0;0;48;2;88;1;140m▄▄\e[48;2;88;1;140m     \e[38;2;88;1;140;48;2;30;0;48m▄\e[38;2;30;0;48;49m▄\e[49m                 \e[m
\e[49m             \e[38;2;30;0;48;49m▄\e[38;2;30;0;49;49m▄\e[38;2;88;1;140;48;2;30;0;48m▄\e[48;2;88;1;140m   \e[38;2;0;0;0;48;2;88;1;140m▄\e[48;2;0;0;0m   \e[48;2;88;1;140m         \e[38;2;88;1;140;48;2;30;0;48m▄\e[38;2;30;0;49;49m▄\e[38;2;30;0;48;49m▄\e[49m             \e[m
\e[49m         \e[38;2;30;0;48;49m▄\e[38;2;39;0;63;49m▄\e[38;2;88;1;140;48;2;30;0;48m▄▄\e[48;2;88;1;140m      \e[48;2;0;0;0m   \e[38;2;55;0;89;48;2;0;0;0m▄\e[48;2;88;1;140m            \e[38;2;88;1;140;48;2;30;0;48m▄▄\e[38;2;39;0;63;49m▄\e[38;2;30;0;48;49m▄\e[49m         \e[m
\e[49m      \e[38;2;57;0;91;49m▄\e[38;2;88;1;140;48;2;30;0;48m▄\e[48;2;88;1;140m          \e[38;2;0;0;0;48;2;88;1;140m▄\e[48;2;0;0;0m   \e[48;2;88;1;140m                  \e[38;2;88;1;140;48;2;30;0;48m▄\e[38;2;57;0;91;49m▄\e[49m      \e[m
\e[49m    \e[38;2;30;0;48;49m▄\e[38;2;88;1;140;48;2;34;0;55m▄\e[48;2;88;1;140m            \e[48;2;0;0;0m   \e[38;2;88;1;140;48;2;0;0;0m▄\e[48;2;88;1;140m        \e[38;2;255;255;255;48;2;88;1;140m▄▄▄\e[38;2;255;255;255;48;2;212;190;226m▄\e[48;2;255;255;255m    \e[38;2;255;255;255;48;2;88;1;140m▄\e[38;2;93;8;143;48;2;88;1;140m▄\e[48;2;88;1;140m  \e[38;2;88;1;140;48;2;34;0;55m▄\e[38;2;30;0;48;49m▄\e[49m    \e[m
\e[49m    \e[38;2;88;1;140;48;2;30;0;48m▄\e[48;2;88;1;140m  \e[38;2;51;51;51;48;2;88;1;140m▄\e[48;2;88;1;140m         \e[38;2;0;0;0;48;2;88;1;140m▄\e[48;2;0;0;0m \e[38;2;88;1;140;48;2;0;0;0m▄▄\e[38;2;254;253;254;48;2;88;1;140m▄\e[38;2;255;255;255;48;2;88;1;140m▄\e[48;2;255;255;255m  \e[38;2;255;255;255;48;2;88;1;140m▄\e[38;2;254;253;254;48;2;88;1;140m▄\e[48;2;88;1;140m \e[38;2;88;1;140;48;2;255;255;255m▄\e[48;2;255;255;255m      \e[38;2;234;223;240;48;2;255;255;255m▄\e[38;2;88;1;140;48;2;255;255;255m▄▄▄\e[38;2;88;1;140;48;2;89;3;140m▄\e[48;2;88;1;140m   \e[38;2;88;1;140;48;2;30;0;48m▄\e[49m    \e[m
\e[49m    \e[48;2;88;1;140m   \e[48;2;51;51;51m  \e[38;2;51;51;51;48;2;88;1;140m▄\e[48;2;88;1;140m        \e[38;2;255;255;255;48;2;88;1;140m▄▄\e[48;2;255;255;255m        \e[38;2;255;255;255;48;2;88;1;140m▄▄\e[38;2;88;1;140;48;2;255;255;255m▄▄\e[48;2;88;1;140m            \e[49m    \e[m
\e[49m    \e[48;2;30;0;48m \e[48;2;88;1;140m  \e[48;2;51;51;51m    \e[38;2;51;51;51;48;2;88;1;140m▄\e[48;2;88;1;140m   \e[38;2;255;255;255;48;2;88;1;140m▄\e[48;2;255;255;255m     \e[38;2;88;1;140;48;2;255;255;255m▄▄\e[48;2;88;1;140m  \e[38;2;88;1;140;48;2;255;255;255m▄▄\e[48;2;255;255;255m     \e[38;2;255;255;255;48;2;88;1;140m▄\e[48;2;88;1;140m          \e[48;2;30;0;48m \e[49m    \e[m
\e[49m    \e[48;2;30;0;48m \e[48;2;88;1;140m   \e[38;2;88;1;140;48;2;51;51;51m▄\e[48;2;51;51;51m    \e[38;2;51;51;51;48;2;88;1;140m▄\e[48;2;88;1;140m \e[48;2;255;255;255m    \e[38;2;88;1;140;48;2;255;255;255m▄\e[48;2;88;1;140m        \e[38;2;88;1;140;48;2;255;255;255m▄\e[48;2;255;255;255m    \e[48;2;88;1;140m          \e[48;2;30;0;48m \e[49m    \e[m
\e[49m    \e[48;2;30;0;48m \e[48;2;88;1;140m     \e[38;2;88;1;140;48;2;51;51;51m▄\e[48;2;51;51;51m   \e[38;2;88;1;140;48;2;51;51;51m▄\e[48;2;255;255;255m    \e[48;2;88;1;140m          \e[48;2;255;255;255m    \e[48;2;88;1;140m \e[48;2;204;204;204m \e[38;2;204;204;204;48;2;88;1;140m▄\e[48;2;88;1;140m       \e[48;2;30;0;48m \e[49m    \e[m
\e[49m    \e[48;2;30;0;48m \e[48;2;88;1;140m       \e[38;2;88;1;140;48;2;51;51;51m▄\e[48;2;51;51;51m \e[48;2;88;1;140m \e[48;2;255;255;255m    \e[48;2;88;1;140m          \e[48;2;255;255;255m    \e[38;2;204;204;204;48;2;88;1;140m▄\e[48;2;204;204;204m   \e[38;2;204;204;204;48;2;88;1;140m▄\e[48;2;88;1;140m     \e[48;2;30;0;48m \e[49m    \e[m
\e[49m    \e[48;2;30;0;48m \e[48;2;88;1;140m          \e[48;2;255;255;255m    \e[38;2;255;255;255;48;2;88;1;140m▄\e[48;2;88;1;140m        \e[38;2;255;255;255;48;2;88;1;140m▄\e[48;2;255;255;255m    \e[48;2;88;1;140m \e[38;2;88;1;140;48;2;204;204;204m▄\e[48;2;204;204;204m    \e[38;2;204;204;204;48;2;88;1;140m▄\e[48;2;88;1;140m   \e[48;2;30;0;48m \e[49m    \e[m
\e[49m    \e[48;2;30;0;48m \e[48;2;88;1;140m          \e[38;2;88;1;140;48;2;255;255;255m▄\e[48;2;255;255;255m     \e[38;2;255;255;255;48;2;88;1;140m▄▄\e[48;2;88;1;140m  \e[38;2;255;255;255;48;2;88;1;140m▄▄\e[48;2;255;255;255m     \e[38;2;88;1;140;48;2;255;255;255m▄\e[48;2;88;1;140m   \e[38;2;88;1;140;48;2;204;204;204m▄\e[48;2;204;204;204m    \e[48;2;88;1;140m  \e[48;2;30;0;48m \e[49m    \e[m
\e[49m    \e[48;2;88;1;140m            \e[38;2;102;102;102;48;2;88;1;140m▄▄\e[38;2;88;1;140;48;2;255;255;255m▄▄\e[48;2;255;255;255m        \e[38;2;88;1;140;48;2;255;255;255m▄▄\e[48;2;88;1;140m        \e[38;2;88;1;140;48;2;204;204;204m▄\e[48;2;204;204;204m  \e[48;2;88;1;140m   \e[49m    \e[m
\e[49m    \e[38;2;30;0;48;48;2;88;1;140m▄\e[48;2;88;1;140m   \e[38;2;88;4;138;48;2;88;1;140m▄\e[38;2;102;102;102;48;2;88;1;140m▄▄▄\e[38;2;102;102;102;48;2;101;96;104m▄\e[48;2;102;102;102m      \e[38;2;102;102;102;48;2;88;1;140m▄\e[48;2;88;1;140m \e[38;2;88;1;140;48;2;255;255;255m▄▄\e[48;2;255;255;255m  \e[38;2;88;1;140;48;2;255;255;255m▄▄\e[38;2;153;153;153;48;2;88;1;140m▄▄\e[48;2;153;153;153m \e[38;2;88;1;140;48;2;153;153;153m▄\e[48;2;88;1;140m         \e[38;2;88;1;140;48;2;204;204;204m▄\e[48;2;88;1;140m  \e[38;2;30;0;48;48;2;88;1;140m▄\e[49m    \e[m
\e[49m    \e[49;38;2;30;0;48m▀\e[38;2;34;0;55;48;2;88;1;140m▄\e[48;2;88;1;140m  \e[38;2;88;1;140;48;2;88;2;139m▄\e[38;2;88;1;140;48;2;102;102;102m▄\e[48;2;102;102;102m    \e[38;2;96;63;116;48;2;102;102;102m▄\e[38;2;88;1;140;48;2;102;102;102m▄▄▄\e[48;2;88;1;140m        \e[38;2;153;153;153;48;2;88;1;140m▄\e[48;2;153;153;153m   \e[48;2;88;1;140m            \e[38;2;34;0;55;48;2;88;1;140m▄\e[49;38;2;30;0;48m▀\e[49m    \e[m
\e[49m      \e[49;38;2;57;0;91m▀\e[38;2;30;0;48;48;2;88;1;140m▄\e[48;2;88;1;140m                  \e[48;2;153;153;153m   \e[38;2;88;1;140;48;2;153;153;153m▄\e[48;2;88;1;140m          \e[38;2;30;0;48;48;2;88;1;140m▄\e[49;38;2;57;0;91m▀\e[49m      \e[m
\e[49m         \e[49;38;2;30;0;48m▀\e[49;38;2;39;0;63m▀\e[38;2;30;0;48;48;2;88;1;140m▄▄\e[48;2;88;1;140m            \e[38;2;153;153;153;48;2;116;66;145m▄\e[48;2;153;153;153m   \e[48;2;88;1;140m      \e[38;2;30;0;48;48;2;88;1;140m▄▄\e[49;38;2;40;0;65m▀\e[49;38;2;30;0;48m▀\e[49m         \e[m
\e[49m             \e[49;38;2;30;0;48m▀\e[49;38;2;30;0;49m▀\e[38;2;30;0;48;48;2;88;1;140m▄\e[48;2;88;1;140m         \e[48;2;153;153;153m   \e[38;2;88;1;140;48;2;152;150;152m▄\e[48;2;88;1;140m   \e[38;2;30;0;48;48;2;88;1;140m▄\e[49;38;2;30;0;49m▀\e[49;38;2;30;0;48m▀\e[49m             \e[m
\e[49m                 \e[49;38;2;30;0;48m▀\e[38;2;30;0;48;48;2;88;1;140m▄\e[48;2;88;1;140m     \e[38;2;88;1;140;48;2;153;153;153m▄\e[38;2;88;1;140;48;2;152;152;153m▄\e[48;2;88;1;140m   \e[38;2;30;0;48;48;2;88;1;140m▄\e[49;38;2;30;0;48m▀\e[49m                 \e[m
\e[49m                   \e[49;38;2;30;0;48m▀\e[49;38;2;88;1;140m▀\e[38;2;30;0;48;48;2;88;1;140m▄\e[48;2;88;1;140m    \e[38;2;30;0;48;48;2;88;1;140m▄\e[49;38;2;88;1;140m▀\e[49;38;2;30;0;48m▀\e[49m                   \e[m
\e[49m                                                \e[m
";
}
frame8() {
printf "\e[49m                                                \e[m
\e[49m                   \e[38;2;30;0;48;49m▄\e[38;2;88;1;140;49m▄\e[38;2;88;1;140;48;2;30;0;48m▄\e[48;2;88;1;140m    \e[38;2;88;1;140;48;2;30;0;48m▄\e[38;2;88;1;140;49m▄\e[38;2;30;0;48;49m▄\e[49m                   \e[m
\e[49m                 \e[38;2;30;0;48;49m▄\e[38;2;88;1;140;48;2;30;0;48m▄\e[48;2;88;1;140m          \e[38;2;88;1;140;48;2;30;0;48m▄\e[38;2;30;0;48;49m▄\e[49m                 \e[m
\e[49m             \e[38;2;30;0;48;49m▄\e[38;2;30;0;49;49m▄\e[38;2;88;1;140;48;2;30;0;48m▄\e[38;2;0;0;0;48;2;88;1;140m▄▄\e[48;2;0;0;0m \e[48;2;88;1;140m             \e[38;2;88;1;140;48;2;30;0;48m▄\e[38;2;30;0;49;49m▄\e[38;2;30;0;48;49m▄\e[49m             \e[m
\e[49m         \e[38;2;30;0;48;49m▄\e[38;2;39;0;63;49m▄\e[38;2;88;1;140;48;2;30;0;48m▄▄\e[48;2;88;1;140m  \e[48;2;0;0;0m    \e[48;2;88;1;140m             \e[38;2;255;255;255;48;2;88;1;140m▄\e[38;2;255;255;255;48;2;99;19;147m▄\e[38;2;255;255;255;48;2;88;1;140m▄\e[38;2;88;1;140;48;2;30;0;48m▄▄\e[38;2;39;0;63;49m▄\e[38;2;30;0;48;49m▄\e[49m         \e[m
\e[49m      \e[38;2;58;0;93;49m▄\e[38;2;88;1;140;48;2;30;0;48m▄\e[48;2;88;1;140m       \e[48;2;0;0;0m    \e[48;2;88;1;140m         \e[38;2;255;255;255;48;2;88;1;140m▄▄\e[48;2;255;255;255m     \e[38;2;88;1;140;48;2;255;255;255m▄▄\e[48;2;88;1;140m   \e[38;2;88;1;140;48;2;30;0;48m▄\e[38;2;58;0;93;49m▄\e[49m      \e[m
\e[49m    \e[38;2;30;0;48;49m▄\e[38;2;88;1;140;48;2;34;0;55m▄\e[48;2;88;1;140m         \e[48;2;0;0;0m    \e[48;2;88;1;140m      \e[38;2;255;255;255;48;2;88;1;140m▄\e[38;2;255;255;255;48;2;90;4;141m▄\e[48;2;255;255;255m     \e[38;2;88;1;140;48;2;255;255;255m▄\e[38;2;88;1;140;48;2;173;131;198m▄\e[48;2;88;1;140m        \e[38;2;88;1;140;48;2;34;0;55m▄\e[38;2;30;0;48;49m▄\e[49m    \e[m
\e[49m    \e[38;2;88;1;140;48;2;30;0;48m▄\e[48;2;88;1;140m          \e[48;2;0;0;0m    \e[48;2;88;1;140m  \e[38;2;254;253;254;48;2;88;1;140m▄\e[38;2;255;255;255;48;2;88;1;140m▄\e[48;2;255;255;255m  \e[38;2;255;255;255;48;2;88;1;140m▄\e[38;2;254;253;254;48;2;186;150;208m▄\e[38;2;88;1;140;48;2;255;255;255m▄▄▄\e[48;2;88;1;140m             \e[38;2;88;1;140;48;2;30;0;48m▄\e[49m    \e[m
\e[49m    \e[48;2;88;1;140m           \e[48;2;0;0;0m \e[38;2;88;1;140;48;2;0;0;0m▄▄\e[38;2;255;255;255;48;2;88;1;140m▄▄\e[48;2;255;255;255m        \e[38;2;255;255;255;48;2;88;1;140m▄▄\e[48;2;88;1;140m              \e[49m    \e[m
\e[49m    \e[48;2;30;0;48m \e[38;2;77;15;114;48;2;88;1;140m▄\e[48;2;88;1;140m         \e[38;2;255;255;255;48;2;88;1;140m▄\e[48;2;255;255;255m     \e[38;2;88;1;140;48;2;255;255;255m▄▄\e[48;2;88;1;140m  \e[38;2;88;1;140;48;2;255;255;255m▄▄\e[48;2;255;255;255m     \e[38;2;255;255;255;48;2;88;1;140m▄\e[38;2;116;49;155;48;2;88;1;140m▄\e[48;2;88;1;140m         \e[48;2;30;0;48m \e[49m    \e[m
\e[49m    \e[48;2;30;0;48m \e[48;2;88;1;140m \e[48;2;51;51;51m \e[38;2;51;51;51;48;2;81;8;125m▄\e[38;2;51;51;51;48;2;88;1;140m▄\e[48;2;88;1;140m      \e[48;2;255;255;255m    \e[38;2;88;1;140;48;2;255;255;255m▄\e[48;2;88;1;140m        \e[38;2;88;1;140;48;2;255;255;255m▄\e[48;2;255;255;255m    \e[38;2;198;193;201;48;2;199;196;201m▄\e[48;2;204;204;204m \e[38;2;204;204;204;48;2;88;1;140m▄▄\e[48;2;88;1;140m      \e[48;2;30;0;48m \e[49m    \e[m
\e[49m    \e[48;2;30;0;48m \e[48;2;88;1;140m \e[48;2;51;51;51m     \e[38;2;51;51;51;48;2;88;1;140m▄▄\e[48;2;88;1;140m  \e[48;2;255;255;255m    \e[48;2;88;1;140m          \e[48;2;255;255;255m    \e[38;2;164;134;182;48;2;196;189;199m▄\e[48;2;204;204;204m     \e[38;2;204;204;204;48;2;88;1;140m▄\e[48;2;88;1;140m   \e[48;2;30;0;48m \e[49m    \e[m
\e[49m    \e[48;2;30;0;48m \e[48;2;88;1;140m  \e[38;2;88;1;140;48;2;61;35;77m▄\e[38;2;88;1;140;48;2;51;51;51m▄\e[48;2;51;51;51m     \e[38;2;86;1;137;48;2;88;1;140m▄\e[48;2;255;255;255m    \e[48;2;88;1;140m          \e[48;2;255;255;255m    \e[48;2;88;1;140m  \e[38;2;88;1;140;48;2;204;204;204m▄▄\e[48;2;204;204;204m     \e[48;2;88;1;140m \e[48;2;30;0;48m \e[49m    \e[m
\e[49m    \e[48;2;30;0;48m \e[48;2;88;1;140m      \e[38;2;88;1;140;48;2;51;51;51m▄▄\e[48;2;51;51;51m \e[38;2;86;2;137;48;2;86;1;137m▄\e[48;2;255;255;255m    \e[38;2;255;255;255;48;2;88;1;140m▄\e[48;2;88;1;140m        \e[38;2;255;255;255;48;2;88;1;140m▄\e[48;2;255;255;255m    \e[48;2;88;1;140m      \e[38;2;88;1;140;48;2;204;204;204m▄\e[38;2;202;200;203;48;2;204;204;204m▄\e[48;2;204;204;204m \e[48;2;88;1;140m \e[48;2;30;0;48m \e[49m    \e[m
\e[49m    \e[48;2;30;0;48m \e[48;2;88;1;140m         \e[38;2;88;1;140;48;2;86;3;136m▄\e[38;2;88;1;140;48;2;255;255;255m▄\e[48;2;255;255;255m     \e[38;2;255;255;255;48;2;88;1;140m▄▄\e[48;2;88;1;140m  \e[38;2;255;255;255;48;2;88;1;140m▄▄\e[48;2;255;255;255m     \e[38;2;88;1;140;48;2;255;255;255m▄\e[48;2;88;1;140m          \e[48;2;30;0;48m \e[49m    \e[m
\e[49m    \e[48;2;88;1;140m              \e[38;2;88;1;140;48;2;255;255;255m▄▄\e[48;2;255;255;255m        \e[38;2;88;1;140;48;2;255;255;255m▄▄\e[38;2;153;153;153;48;2;88;1;140m▄▄\e[48;2;153;153;153m \e[48;2;88;1;140m           \e[49m    \e[m
\e[49m    \e[38;2;30;0;48;48;2;88;1;140m▄\e[48;2;88;1;140m             \e[38;2;102;102;102;48;2;88;1;140m▄▄▄\e[38;2;88;1;140;48;2;255;255;255m▄▄\e[48;2;255;255;255m  \e[38;2;88;1;140;48;2;255;255;255m▄▄\e[48;2;88;1;140m  \e[48;2;153;153;153m    \e[48;2;88;1;140m          \e[38;2;30;0;48;48;2;88;1;140m▄\e[49m    \e[m
\e[49m    \e[49;38;2;30;0;48m▀\e[38;2;34;0;55;48;2;88;1;140m▄\e[48;2;88;1;140m        \e[38;2;95;59;118;48;2;88;1;140m▄\e[38;2;102;102;102;48;2;88;1;140m▄\e[48;2;102;102;102m     \e[38;2;88;1;140;48;2;102;102;102m▄▄\e[48;2;88;1;140m      \e[48;2;153;153;153m    \e[48;2;88;1;140m         \e[38;2;34;0;55;48;2;88;1;140m▄\e[49;38;2;30;0;48m▀\e[49m    \e[m
\e[49m      \e[49;38;2;58;0;93m▀\e[38;2;30;0;48;48;2;88;1;140m▄\e[48;2;88;1;140m   \e[38;2;102;102;102;48;2;88;1;140m▄▄\e[48;2;102;102;102m     \e[38;2;88;1;140;48;2;102;102;102m▄▄\e[48;2;88;1;140m         \e[48;2;153;153;153m    \e[48;2;88;1;140m       \e[38;2;30;0;48;48;2;88;1;140m▄\e[49;38;2;58;0;93m▀\e[49m      \e[m
\e[49m         \e[49;38;2;30;0;48m▀\e[49;38;2;39;0;63m▀\e[38;2;30;0;48;48;2;88;1;140m▄\e[38;2;30;0;48;48;2;93;43;123m▄\e[38;2;88;1;140;48;2;102;102;102m▄\e[38;2;91;29;129;48;2;102;102;102m▄\e[38;2;88;1;140;48;2;102;102;102m▄\e[48;2;88;1;140m             \e[48;2;153;153;153m    \e[48;2;88;1;140m  \e[38;2;30;0;48;48;2;88;1;140m▄▄\e[49;38;2;40;0;64m▀\e[49;38;2;30;0;48m▀\e[49m         \e[m
\e[49m             \e[49;38;2;30;0;48m▀\e[49;38;2;30;0;49m▀\e[38;2;30;0;48;48;2;88;1;140m▄\e[48;2;88;1;140m             \e[48;2;153;153;153m \e[38;2;88;1;140;48;2;153;153;153m▄▄\e[38;2;30;0;48;48;2;88;1;140m▄\e[49;38;2;30;0;49m▀\e[49;38;2;30;0;48m▀\e[49m             \e[m
\e[49m                 \e[49;38;2;30;0;48m▀\e[38;2;30;0;48;48;2;88;1;140m▄\e[48;2;88;1;140m          \e[38;2;30;0;48;48;2;88;1;140m▄\e[49;38;2;30;0;48m▀\e[49m                 \e[m
\e[49m                   \e[49;38;2;30;0;48m▀\e[49;38;2;88;1;140m▀\e[38;2;30;0;48;48;2;88;1;140m▄\e[48;2;88;1;140m    \e[38;2;30;0;48;48;2;88;1;140m▄\e[49;38;2;88;1;140m▀\e[49;38;2;30;0;48m▀\e[49m                   \e[m
\e[49m                                                \e[m
";
}
frame9() {
printf "\e[49m                                                \e[m
\e[49m                   \e[38;2;30;0;48;49m▄\e[38;2;88;1;140;49m▄\e[38;2;88;1;140;48;2;30;0;48m▄\e[48;2;88;1;140m    \e[38;2;88;1;140;48;2;30;0;48m▄\e[38;2;88;1;140;49m▄\e[38;2;30;0;48;49m▄\e[49m                   \e[m
\e[49m                 \e[38;2;30;0;48;49m▄\e[38;2;88;1;140;48;2;30;0;48m▄\e[48;2;88;1;140m          \e[38;2;88;1;140;48;2;30;0;48m▄\e[38;2;30;0;48;49m▄\e[49m                 \e[m
\e[49m             \e[38;2;30;0;48;49m▄▄\e[38;2;88;1;140;48;2;30;0;48m▄\e[48;2;88;1;140m            \e[38;2;255;255;255;48;2;88;1;140m▄▄▄▄\e[38;2;255;255;255;48;2;30;0;48m▄\e[38;2;30;0;48;49m▄▄\e[49m             \e[m
\e[49m         \e[38;2;30;0;48;49m▄\e[38;2;40;0;65;49m▄\e[38;2;88;1;140;48;2;30;0;48m▄▄\e[38;2;0;0;0;48;2;70;0;112m▄\e[38;2;0;0;0;48;2;88;1;140m▄\e[48;2;88;1;140m           \e[38;2;255;255;255;48;2;88;1;140m▄\e[48;2;255;255;255m    \e[38;2;88;1;140;48;2;255;255;255m▄\e[48;2;88;1;140m   \e[38;2;88;1;140;48;2;30;0;48m▄▄\e[38;2;40;0;65;49m▄\e[38;2;30;0;48;49m▄\e[49m         \e[m
\e[49m      \e[38;2;57;0;92;49m▄\e[38;2;88;1;140;48;2;30;0;48m▄\e[48;2;88;1;140m    \e[48;2;0;0;0m   \e[48;2;88;1;140m         \e[38;2;255;255;255;48;2;88;1;140m▄\e[48;2;255;255;255m    \e[38;2;88;1;140;48;2;255;255;255m▄\e[48;2;88;1;140m          \e[38;2;88;1;140;48;2;30;0;48m▄\e[38;2;57;0;92;49m▄\e[49m      \e[m
\e[49m    \e[38;2;30;0;48;49m▄\e[38;2;88;1;140;48;2;34;0;55m▄\e[48;2;88;1;140m      \e[48;2;0;0;0m   \e[38;2;0;0;0;48;2;64;0;102m▄\e[48;2;88;1;140m      \e[38;2;255;255;255;48;2;88;1;140m▄\e[48;2;255;255;255m    \e[38;2;88;1;140;48;2;255;255;255m▄\e[48;2;88;1;140m              \e[38;2;88;1;140;48;2;34;0;55m▄\e[38;2;30;0;48;49m▄\e[49m    \e[m
\e[49m    \e[38;2;88;1;140;48;2;30;0;48m▄\e[48;2;88;1;140m       \e[38;2;88;1;140;48;2;0;0;0m▄\e[48;2;0;0;0m   \e[48;2;88;1;140m     \e[38;2;254;254;254;48;2;88;1;140m▄\e[38;2;255;255;255;48;2;88;1;140m▄\e[48;2;255;255;255m   \e[38;2;254;254;254;48;2;88;1;140m▄\e[48;2;88;1;140m                \e[38;2;88;1;140;48;2;30;0;48m▄\e[49m    \e[m
\e[49m    \e[48;2;88;1;140m         \e[48;2;0;0;0m    \e[48;2;88;1;140m \e[38;2;255;255;255;48;2;88;1;140m▄▄\e[48;2;255;255;255m        \e[38;2;255;255;255;48;2;88;1;140m▄▄\e[48;2;88;1;140m  \e[38;2;204;204;204;48;2;88;1;140m▄\e[48;2;88;1;140m           \e[49m    \e[m
\e[49m    \e[48;2;30;0;48m \e[48;2;88;1;140m        \e[38;2;88;1;140;48;2;67;0;108m▄\e[48;2;0;0;0m \e[38;2;255;255;255;48;2;0;0;0m▄\e[48;2;255;255;255m     \e[38;2;88;1;140;48;2;255;255;255m▄▄\e[48;2;88;1;140m  \e[38;2;88;1;140;48;2;255;255;255m▄▄\e[48;2;255;255;255m     \e[38;2;255;255;255;48;2;204;204;204m▄\e[48;2;204;204;204m    \e[38;2;204;204;204;48;2;88;1;140m▄▄▄\e[38;2;183;167;192;48;2;88;1;140m▄\e[48;2;88;1;140m  \e[48;2;30;0;48m \e[49m    \e[m
\e[49m    \e[48;2;30;0;48m \e[48;2;88;1;140m          \e[48;2;255;255;255m    \e[38;2;88;1;140;48;2;255;255;255m▄\e[48;2;88;1;140m        \e[38;2;88;1;140;48;2;255;255;255m▄\e[48;2;255;255;255m    \e[38;2;88;1;140;48;2;204;204;204m▄\e[38;2;88;2;140;48;2;204;204;204m▄\e[48;2;204;204;204m       \e[48;2;88;1;140m \e[48;2;30;0;48m \e[49m    \e[m
\e[49m    \e[48;2;30;0;48m \e[48;2;88;1;140m          \e[48;2;255;255;255m    \e[48;2;88;1;140m          \e[48;2;255;255;255m    \e[48;2;88;1;140m     \e[38;2;88;1;140;48;2;181;164;192m▄\e[38;2;88;1;140;48;2;204;204;204m▄▄▄\e[38;2;204;204;204;48;2;186;172;194m▄\e[48;2;30;0;48m \e[49m    \e[m
\e[49m    \e[48;2;30;0;48m \e[38;2;51;51;51;48;2;51;49;52m▄\e[38;2;51;51;51;48;2;88;1;140m▄▄▄\e[38;2;84;6;130;48;2;88;1;140m▄\e[48;2;88;1;140m     \e[48;2;255;255;255m    \e[48;2;88;1;140m          \e[48;2;255;255;255m    \e[48;2;88;1;140m          \e[48;2;30;0;48m \e[49m    \e[m
\e[49m    \e[48;2;30;0;48m \e[48;2;88;1;140m \e[48;2;51;51;51m       \e[38;2;51;51;51;48;2;88;1;140m▄▄\e[48;2;255;255;255m    \e[38;2;255;255;255;48;2;88;1;140m▄\e[48;2;88;1;140m        \e[38;2;255;255;255;48;2;88;1;140m▄\e[48;2;255;255;255m    \e[48;2;88;1;140m          \e[48;2;30;0;48m \e[49m    \e[m
\e[49m    \e[48;2;30;0;48m \e[48;2;88;1;140m  \e[38;2;88;1;140;48;2;51;51;51m▄▄▄▄\e[48;2;51;51;51m    \e[38;2;51;51;51;48;2;255;255;255m▄\e[48;2;255;255;255m     \e[38;2;255;255;255;48;2;88;1;140m▄▄\e[48;2;88;1;140m  \e[38;2;255;255;255;48;2;88;1;140m▄▄\e[48;2;255;255;255m     \e[38;2;153;153;153;48;2;255;255;255m▄\e[48;2;153;153;153m \e[48;2;88;1;140m         \e[48;2;30;0;48m \e[49m    \e[m
\e[49m    \e[48;2;88;1;140m          \e[38;2;88;1;140;48;2;88;1;139m▄\e[38;2;88;1;140;48;2;51;51;51m▄\e[48;2;88;1;140m  \e[38;2;88;1;140;48;2;255;255;255m▄▄\e[48;2;255;255;255m        \e[38;2;88;1;140;48;2;255;255;255m▄▄\e[48;2;88;1;140m \e[48;2;153;153;153m    \e[48;2;88;1;140m         \e[49m    \e[m
\e[49m    \e[38;2;30;0;48;48;2;88;1;140m▄\e[48;2;88;1;140m                \e[38;2;88;1;140;48;2;255;255;255m▄\e[38;2;101;99;102;48;2;255;255;255m▄\e[48;2;255;255;255m  \e[38;2;88;1;140;48;2;255;255;255m▄▄\e[48;2;88;1;140m     \e[48;2;153;153;153m   \e[38;2;92;10;141;48;2;88;1;140m▄\e[48;2;88;1;140m       \e[38;2;30;0;48;48;2;88;1;140m▄\e[49m    \e[m
\e[49m    \e[49;38;2;30;0;48m▀\e[38;2;34;0;55;48;2;88;1;140m▄\e[48;2;88;1;140m              \e[38;2;102;102;102;48;2;88;1;140m▄\e[48;2;102;102;102m    \e[38;2;88;1;140;48;2;102;102;102m▄\e[48;2;88;1;140m      \e[48;2;153;153;153m    \e[48;2;88;1;140m      \e[38;2;34;0;55;48;2;88;1;140m▄\e[49;38;2;30;0;48m▀\e[49m    \e[m
\e[49m      \e[49;38;2;57;0;92m▀\e[38;2;30;0;48;48;2;88;1;140m▄\e[48;2;88;1;140m          \e[38;2;102;102;102;48;2;88;1;140m▄\e[48;2;102;102;102m    \e[38;2;88;1;140;48;2;102;102;102m▄\e[48;2;88;1;140m         \e[48;2;153;153;153m   \e[48;2;88;1;140m    \e[38;2;30;0;48;48;2;88;1;140m▄\e[49;38;2;57;0;92m▀\e[49m      \e[m
\e[49m         \e[49;38;2;30;0;48m▀\e[49;38;2;40;0;65m▀\e[38;2;30;0;48;48;2;88;1;140m▄▄\e[48;2;88;1;140m   \e[38;2;102;102;102;48;2;88;1;140m▄\e[48;2;102;102;102m    \e[38;2;88;1;140;48;2;102;102;102m▄\e[48;2;88;1;140m           \e[38;2;120;76;146;48;2;153;153;153m▄\e[38;2;88;1;140;48;2;153;153;153m▄\e[38;2;30;0;48;48;2;88;1;140m▄▄\e[49;38;2;40;0;65m▀\e[49;38;2;30;0;48m▀\e[49m         \e[m
\e[49m             \e[49;38;2;30;0;48m▀▀\e[38;2;30;0;48;48;2;102;102;102m▄\e[38;2;88;1;140;48;2;102;102;102m▄▄▄▄\e[48;2;88;1;140m            \e[38;2;30;0;48;48;2;88;1;140m▄\e[49;38;2;30;0;48m▀▀\e[49m             \e[m
\e[49m                 \e[49;38;2;30;0;48m▀\e[38;2;30;0;48;48;2;88;1;140m▄\e[48;2;88;1;140m          \e[38;2;30;0;48;48;2;88;1;140m▄\e[49;38;2;30;0;48m▀\e[49m                 \e[m
\e[49m                   \e[49;38;2;30;0;48m▀\e[49;38;2;88;1;140m▀\e[38;2;30;0;48;48;2;88;1;140m▄\e[48;2;88;1;140m    \e[38;2;30;0;48;48;2;88;1;140m▄\e[49;38;2;88;1;140m▀\e[49;38;2;30;0;48m▀\e[49m                   \e[m
\e[49m                                                \e[m
";
}
frame10() {
printf "\e[49m                                                \e[m
\e[49m                   \e[38;2;30;0;48;49m▄\e[38;2;88;1;140;49m▄\e[38;2;88;1;140;48;2;30;0;48m▄\e[48;2;88;1;140m    \e[38;2;88;1;140;48;2;30;0;48m▄\e[38;2;88;1;140;49m▄\e[38;2;30;0;48;49m▄\e[49m                   \e[m
\e[49m                 \e[38;2;30;0;48;49m▄\e[38;2;88;1;140;48;2;30;0;48m▄\e[48;2;88;1;140m         \e[38;2;89;3;141;48;2;88;1;140m▄\e[38;2;88;1;140;48;2;30;0;48m▄\e[38;2;30;0;48;49m▄\e[49m                 \e[m
\e[49m             \e[38;2;30;0;48;49m▄\e[38;2;30;0;49;49m▄\e[38;2;88;1;140;48;2;30;0;48m▄\e[48;2;88;1;140m       \e[38;2;207;182;222;48;2;88;1;140m▄\e[48;2;255;255;255m   \e[38;2;110;35;155;48;2;255;255;255m▄\e[48;2;88;1;140m    \e[38;2;88;1;140;48;2;30;0;48m▄\e[38;2;30;0;49;49m▄\e[38;2;30;0;48;49m▄\e[49m             \e[m
\e[49m         \e[38;2;30;0;48;49m▄\e[38;2;40;0;64;49m▄\e[38;2;88;1;140;48;2;30;0;48m▄▄\e[48;2;88;1;140m         \e[38;2;255;255;255;48;2;88;1;140m▄\e[48;2;255;255;255m   \e[38;2;88;1;140;48;2;255;255;255m▄\e[48;2;88;1;140m        \e[38;2;88;1;140;48;2;30;0;48m▄▄\e[38;2;40;0;64;49m▄\e[38;2;30;0;48;49m▄\e[49m         \e[m
\e[49m      \e[38;2;57;0;92;49m▄\e[38;2;88;1;140;48;2;30;0;48m▄\e[48;2;88;1;140m  \e[38;2;0;0;0;48;2;88;1;140m▄\e[48;2;88;1;140m          \e[38;2;255;255;255;48;2;88;1;140m▄\e[48;2;255;255;255m   \e[38;2;88;1;140;48;2;255;255;255m▄\e[48;2;88;1;140m              \e[38;2;88;1;140;48;2;30;0;48m▄\e[38;2;57;0;92;49m▄\e[49m      \e[m
\e[49m    \e[38;2;30;0;48;49m▄\e[38;2;88;1;140;48;2;34;0;54m▄\e[48;2;88;1;140m   \e[38;2;0;0;0;48;2;45;0;72m▄\e[48;2;0;0;0m \e[38;2;0;0;0;48;2;88;1;140m▄\e[48;2;88;1;140m        \e[38;2;255;255;255;48;2;88;1;140m▄\e[48;2;255;255;255m   \e[38;2;88;1;140;48;2;255;255;255m▄\e[48;2;88;1;140m                 \e[38;2;88;1;140;48;2;34;0;54m▄\e[38;2;30;0;48;49m▄\e[49m    \e[m
\e[49m    \e[38;2;88;1;140;48;2;30;0;48m▄\e[48;2;88;1;140m   \e[38;2;88;1;140;48;2;7;0;11m▄\e[48;2;0;0;0m   \e[38;2;0;0;0;48;2;86;0;138m▄\e[48;2;88;1;140m      \e[38;2;88;1;140;48;2;193;160;212m▄\e[38;2;88;1;140;48;2;174;131;199m▄\e[38;2;254;254;254;48;2;199;171;216m▄\e[38;2;255;255;255;48;2;196;165;214m▄\e[48;2;255;255;255m  \e[38;2;255;255;255;48;2;88;1;140m▄\e[38;2;254;254;254;48;2;88;1;140m▄\e[48;2;88;1;140m   \e[38;2;204;204;204;48;2;88;1;140m▄▄▄▄▄▄▄▄▄▄\e[48;2;88;1;140m   \e[38;2;88;1;140;48;2;30;0;48m▄\e[49m    \e[m
\e[49m    \e[48;2;88;1;140m      \e[48;2;0;0;0m    \e[48;2;88;1;140m    \e[38;2;255;255;255;48;2;88;1;140m▄▄\e[48;2;255;255;255m        \e[38;2;255;255;255;48;2;88;1;140m▄▄\e[48;2;88;1;140m \e[48;2;204;204;204m          \e[48;2;88;1;140m   \e[49m    \e[m
\e[49m    \e[48;2;30;0;48m \e[48;2;88;1;140m      \e[48;2;0;0;0m    \e[38;2;255;255;255;48;2;88;1;140m▄\e[48;2;255;255;255m     \e[38;2;88;1;140;48;2;255;255;255m▄▄\e[48;2;88;1;140m  \e[38;2;88;1;140;48;2;255;255;255m▄▄\e[48;2;255;255;255m     \e[38;2;255;255;255;48;2;204;204;204m▄\e[38;2;88;1;140;48;2;204;204;204m▄▄▄▄▄▄▄▄▄\e[48;2;88;1;140m \e[48;2;30;0;48m \e[49m    \e[m
\e[49m    \e[48;2;30;0;48m \e[48;2;88;1;140m       \e[38;2;50;0;80;48;2;0;0;0m▄\e[48;2;0;0;0m \e[38;2;88;1;140;48;2;0;0;0m▄\e[48;2;255;255;255m    \e[38;2;88;1;140;48;2;255;255;255m▄\e[48;2;88;1;140m        \e[38;2;88;1;140;48;2;255;255;255m▄\e[48;2;255;255;255m    \e[48;2;88;1;140m          \e[48;2;30;0;48m \e[49m    \e[m
\e[49m    \e[48;2;30;0;48m \e[48;2;88;1;140m        \e[38;2;88;1;140;48;2;0;0;0m▄\e[48;2;88;1;140m \e[48;2;255;255;255m    \e[48;2;88;1;140m          \e[48;2;255;255;255m    \e[48;2;88;1;140m          \e[48;2;30;0;48m \e[49m    \e[m
\e[49m    \e[48;2;30;0;48m \e[48;2;88;1;140m          \e[48;2;255;255;255m    \e[48;2;88;1;140m          \e[48;2;255;255;255m    \e[48;2;88;1;140m \e[38;2;153;153;153;48;2;88;1;140m▄\e[48;2;88;1;140m        \e[48;2;30;0;48m \e[49m    \e[m
\e[49m    \e[48;2;30;0;48m \e[48;2;88;1;140m          \e[48;2;255;255;255m    \e[38;2;255;255;255;48;2;88;1;140m▄\e[48;2;88;1;140m        \e[38;2;255;255;255;48;2;88;1;140m▄\e[48;2;255;255;255m    \e[38;2;153;153;153;48;2;137;117;149m▄\e[48;2;153;153;153m \e[38;2;153;153;153;48;2;88;1;140m▄\e[48;2;88;1;140m       \e[48;2;30;0;48m \e[49m    \e[m
\e[49m    \e[48;2;30;0;48m \e[48;2;88;1;140m \e[38;2;51;51;51;48;2;88;1;140m▄▄▄▄▄▄▄▄▄\e[38;2;51;51;51;48;2;255;255;255m▄\e[48;2;255;255;255m     \e[38;2;255;255;255;48;2;88;1;140m▄▄\e[48;2;88;1;140m  \e[38;2;255;255;255;48;2;88;1;140m▄▄\e[48;2;255;255;255m     \e[38;2;88;1;140;48;2;254;254;254m▄\e[48;2;153;153;153m   \e[38;2;153;153;153;48;2;151;149;152m▄\e[48;2;88;1;140m      \e[48;2;30;0;48m \e[49m    \e[m
\e[49m    \e[48;2;88;1;140m   \e[48;2;51;51;51m          \e[48;2;88;1;140m \e[38;2;88;1;140;48;2;255;255;255m▄▄\e[48;2;255;255;255m        \e[38;2;88;1;140;48;2;255;255;255m▄▄\e[48;2;88;1;140m    \e[48;2;153;153;153m    \e[48;2;88;1;140m      \e[49m    \e[m
\e[49m    \e[38;2;30;0;48;48;2;88;1;140m▄\e[48;2;88;1;140m   \e[38;2;88;1;140;48;2;51;51;51m▄▄▄▄▄▄▄▄▄▄\e[48;2;88;1;140m   \e[38;2;88;1;140;48;2;255;255;255m▄▄\e[48;2;255;255;255m \e[38;2;195;192;197;48;2;255;255;255m▄\e[38;2;92;30;129;48;2;255;255;255m▄\e[38;2;92;31;128;48;2;255;255;255m▄\e[38;2;94;44;123;48;2;88;1;140m▄\e[38;2;88;3;139;48;2;88;1;140m▄\e[48;2;88;1;140m      \e[38;2;152;152;153;48;2;153;153;153m▄\e[48;2;153;153;153m   \e[48;2;88;1;140m    \e[38;2;30;0;48;48;2;88;1;140m▄\e[49m    \e[m
\e[49m    \e[49;38;2;30;0;48m▀\e[38;2;34;0;54;48;2;88;1;140m▄\e[48;2;88;1;140m                 \e[38;2;102;102;102;48;2;88;1;140m▄\e[48;2;102;102;102m   \e[38;2;88;1;140;48;2;102;102;102m▄\e[48;2;88;1;140m        \e[38;2;88;1;140;48;2;153;153;153m▄\e[48;2;153;153;153m \e[38;2;88;1;140;48;2;153;153;153m▄\e[48;2;88;1;140m   \e[38;2;34;0;54;48;2;88;1;140m▄\e[49;38;2;30;0;48m▀\e[49m    \e[m
\e[49m      \e[49;38;2;57;0;92m▀\e[38;2;30;0;48;48;2;88;1;140m▄\e[48;2;88;1;140m              \e[38;2;102;102;102;48;2;88;1;140m▄\e[48;2;102;102;102m   \e[38;2;88;1;140;48;2;102;102;102m▄\e[48;2;88;1;140m          \e[38;2;88;1;140;48;2;153;153;153m▄\e[48;2;88;1;140m  \e[38;2;30;0;48;48;2;88;1;140m▄\e[49;38;2;57;0;92m▀\e[49m      \e[m
\e[49m         \e[49;38;2;30;0;48m▀\e[49;38;2;40;0;64m▀\e[38;2;30;0;48;48;2;88;1;140m▄▄\e[48;2;88;1;140m        \e[38;2;102;102;102;48;2;88;1;140m▄\e[48;2;102;102;102m   \e[38;2;88;1;140;48;2;102;102;102m▄\e[48;2;88;1;140m         \e[38;2;30;0;48;48;2;88;1;140m▄▄\e[49;38;2;40;0;64m▀\e[49;38;2;30;0;48m▀\e[49m         \e[m
\e[49m             \e[49;38;2;30;0;48m▀\e[49;38;2;30;0;49m▀\e[38;2;30;0;48;48;2;88;1;140m▄\e[48;2;88;1;140m    \e[38;2;102;102;102;48;2;102;101;102m▄\e[48;2;102;102;102m   \e[48;2;88;1;140m        \e[38;2;30;0;48;48;2;88;1;140m▄\e[49;38;2;30;0;49m▀\e[49;38;2;30;0;48m▀\e[49m             \e[m
\e[49m                 \e[49;38;2;30;0;48m▀\e[38;2;30;0;48;48;2;88;1;140m▄\e[38;2;88;1;140;48;2;88;2;139m▄\e[48;2;88;1;140m         \e[38;2;30;0;48;48;2;88;1;140m▄\e[49;38;2;30;0;48m▀\e[49m                 \e[m
\e[49m                   \e[49;38;2;30;0;48m▀\e[49;38;2;88;1;140m▀\e[38;2;30;0;48;48;2;88;1;140m▄\e[48;2;88;1;140m    \e[38;2;30;0;48;48;2;88;1;140m▄\e[49;38;2;88;1;140m▀\e[49;38;2;30;0;48m▀\e[49m                   \e[m
\e[49m                                                \e[m
";
}
frame11() {
printf "\e[49m                                                \e[m
\e[49m                   \e[38;2;30;0;48;49m▄\e[38;2;88;1;140;49m▄\e[38;2;88;1;140;48;2;30;0;48m▄\e[48;2;88;1;140m    \e[38;2;88;1;140;48;2;30;0;48m▄\e[38;2;88;1;140;49m▄\e[38;2;30;0;48;49m▄\e[49m                   \e[m
\e[49m                 \e[38;2;30;0;48;49m▄\e[38;2;88;1;140;48;2;30;0;48m▄\e[48;2;88;1;140m   \e[38;2;255;255;255;48;2;88;1;140m▄\e[38;2;212;189;225;48;2;88;1;140m▄\e[48;2;88;1;140m     \e[38;2;88;1;140;48;2;30;0;48m▄\e[38;2;30;0;48;49m▄\e[49m                 \e[m
\e[49m             \e[38;2;30;0;48;49m▄▄\e[38;2;88;1;140;48;2;30;0;48m▄\e[48;2;88;1;140m   \e[38;2;255;255;255;48;2;88;1;140m▄\e[48;2;255;255;255m   \e[48;2;88;1;140m         \e[38;2;88;1;140;48;2;30;0;48m▄\e[38;2;30;0;48;49m▄▄\e[49m             \e[m
\e[49m         \e[38;2;30;0;48;49m▄\e[38;2;40;0;64;49m▄\e[38;2;88;1;140;48;2;30;0;48m▄▄\e[48;2;88;1;140m      \e[48;2;255;255;255m   \e[38;2;88;1;140;48;2;255;255;255m▄\e[48;2;88;1;140m            \e[38;2;88;1;140;48;2;30;0;48m▄▄\e[38;2;40;0;64;49m▄\e[38;2;30;0;48;49m▄\e[49m         \e[m
\e[49m      \e[38;2;57;0;92;49m▄\e[38;2;88;1;140;48;2;30;0;48m▄\e[48;2;88;1;140m          \e[38;2;255;255;255;48;2;88;1;140m▄\e[48;2;255;255;255m   \e[48;2;88;1;140m                  \e[38;2;88;1;140;48;2;30;0;48m▄\e[38;2;57;0;92;49m▄\e[49m      \e[m
\e[49m    \e[38;2;30;0;48;49m▄\e[38;2;88;1;140;48;2;34;0;55m▄\e[48;2;88;1;140m            \e[48;2;255;255;255m   \e[38;2;88;1;140;48;2;255;255;255m▄\e[48;2;88;1;140m       \e[38;2;89;2;140;48;2;88;1;140m▄\e[38;2;204;204;204;48;2;88;1;140m▄▄▄\e[38;2;204;204;204;48;2;182;166;192m▄\e[48;2;204;204;204m    \e[38;2;204;204;204;48;2;88;1;140m▄\e[48;2;88;1;140m   \e[38;2;88;1;140;48;2;34;0;55m▄\e[38;2;30;0;48;49m▄\e[49m    \e[m
\e[49m    \e[38;2;88;1;140;48;2;30;0;48m▄\e[48;2;88;1;140m  \e[38;2;0;0;0;48;2;88;1;140m▄\e[48;2;88;1;140m         \e[38;2;255;255;255;48;2;104;26;151m▄\e[48;2;255;255;255m \e[38;2;88;1;140;48;2;255;255;255m▄▄\e[38;2;254;254;254;48;2;88;1;140m▄\e[38;2;255;255;255;48;2;88;1;140m▄\e[48;2;255;255;255m  \e[38;2;255;255;255;48;2;88;1;140m▄\e[38;2;254;253;254;48;2;88;1;140m▄\e[48;2;88;1;140m \e[38;2;88;1;140;48;2;204;204;204m▄\e[48;2;204;204;204m      \e[38;2;180;162;191;48;2;204;204;204m▄\e[38;2;88;1;140;48;2;204;204;204m▄▄▄\e[38;2;88;1;140;48;2;88;2;140m▄\e[48;2;88;1;140m   \e[38;2;88;1;140;48;2;30;0;48m▄\e[49m    \e[m
\e[49m    \e[48;2;88;1;140m   \e[48;2;0;0;0m  \e[38;2;0;0;0;48;2;88;1;140m▄\e[48;2;88;1;140m        \e[38;2;255;255;255;48;2;88;1;140m▄▄\e[48;2;255;255;255m        \e[38;2;255;255;255;48;2;88;1;140m▄▄\e[38;2;88;1;140;48;2;204;204;204m▄▄\e[48;2;88;1;140m            \e[49m    \e[m
\e[49m    \e[48;2;30;0;48m \e[48;2;88;1;140m  \e[48;2;0;0;0m    \e[38;2;0;0;0;48;2;88;1;140m▄\e[48;2;88;1;140m   \e[38;2;255;255;255;48;2;88;1;140m▄\e[48;2;255;255;255m     \e[38;2;88;1;140;48;2;255;255;255m▄▄\e[48;2;88;1;140m  \e[38;2;88;1;140;48;2;255;255;255m▄▄\e[48;2;255;255;255m     \e[38;2;255;255;255;48;2;88;1;140m▄\e[48;2;88;1;140m          \e[48;2;30;0;48m \e[49m    \e[m
\e[49m    \e[48;2;30;0;48m \e[48;2;88;1;140m   \e[38;2;88;1;140;48;2;0;0;0m▄\e[48;2;0;0;0m    \e[38;2;0;0;0;48;2;88;1;140m▄\e[48;2;88;1;140m \e[48;2;255;255;255m    \e[38;2;88;1;140;48;2;255;255;255m▄\e[48;2;88;1;140m        \e[38;2;88;1;140;48;2;255;255;255m▄\e[48;2;255;255;255m    \e[48;2;88;1;140m          \e[48;2;30;0;48m \e[49m    \e[m
\e[49m    \e[48;2;30;0;48m \e[48;2;88;1;140m     \e[38;2;88;1;140;48;2;0;0;0m▄\e[48;2;0;0;0m   \e[38;2;88;1;140;48;2;26;0;41m▄\e[48;2;255;255;255m    \e[48;2;88;1;140m          \e[48;2;255;255;255m    \e[48;2;88;1;140m \e[48;2;153;153;153m \e[38;2;153;153;153;48;2;88;1;140m▄\e[48;2;88;1;140m       \e[48;2;30;0;48m \e[49m    \e[m
\e[49m    \e[48;2;30;0;48m \e[48;2;88;1;140m       \e[38;2;88;1;140;48;2;0;0;0m▄\e[48;2;0;0;0m \e[48;2;88;1;140m \e[48;2;255;255;255m    \e[48;2;88;1;140m          \e[48;2;255;255;255m    \e[38;2;153;153;153;48;2;88;1;140m▄\e[48;2;153;153;153m   \e[38;2;153;153;153;48;2;88;1;140m▄\e[48;2;88;1;140m     \e[48;2;30;0;48m \e[49m    \e[m
\e[49m    \e[48;2;30;0;48m \e[48;2;88;1;140m          \e[48;2;255;255;255m    \e[38;2;255;255;255;48;2;88;1;140m▄\e[48;2;88;1;140m        \e[38;2;255;255;255;48;2;88;1;140m▄\e[48;2;255;255;255m    \e[48;2;88;1;140m \e[38;2;88;1;140;48;2;153;153;153m▄\e[48;2;153;153;153m    \e[38;2;153;153;153;48;2;88;1;140m▄\e[48;2;88;1;140m   \e[48;2;30;0;48m \e[49m    \e[m
\e[49m    \e[48;2;30;0;48m \e[48;2;88;1;140m          \e[38;2;88;1;140;48;2;255;255;255m▄\e[48;2;255;255;255m     \e[38;2;255;255;255;48;2;88;1;140m▄▄\e[48;2;88;1;140m  \e[38;2;255;255;255;48;2;88;1;140m▄▄\e[48;2;255;255;255m     \e[38;2;88;1;140;48;2;255;255;255m▄\e[48;2;88;1;140m   \e[38;2;88;1;140;48;2;153;153;153m▄\e[48;2;153;153;153m    \e[48;2;88;1;140m  \e[48;2;30;0;48m \e[49m    \e[m
\e[49m    \e[48;2;88;1;140m            \e[38;2;51;51;51;48;2;88;1;140m▄▄\e[38;2;88;1;140;48;2;255;255;255m▄▄\e[48;2;255;255;255m        \e[38;2;88;1;140;48;2;255;255;255m▄▄\e[48;2;88;1;140m        \e[38;2;88;1;140;48;2;153;153;153m▄\e[48;2;153;153;153m  \e[48;2;88;1;140m   \e[49m    \e[m
\e[49m    \e[38;2;30;0;48;48;2;88;1;140m▄\e[48;2;88;1;140m   \e[38;2;85;4;134;48;2;88;1;140m▄\e[38;2;51;51;51;48;2;88;1;140m▄▄▄\e[38;2;51;51;51;48;2;53;48;55m▄\e[48;2;51;51;51m      \e[38;2;51;51;51;48;2;88;1;140m▄\e[48;2;88;1;140m \e[38;2;88;1;140;48;2;255;255;255m▄▄\e[48;2;255;255;255m  \e[38;2;88;1;140;48;2;255;255;255m▄▄\e[38;2;102;102;102;48;2;88;1;140m▄▄\e[48;2;102;102;102m \e[38;2;88;1;140;48;2;102;102;102m▄\e[48;2;88;1;140m         \e[38;2;88;1;140;48;2;153;153;153m▄\e[48;2;88;1;140m  \e[38;2;30;0;48;48;2;88;1;140m▄\e[49m    \e[m
\e[49m    \e[49;38;2;30;0;48m▀\e[38;2;34;0;55;48;2;88;1;140m▄\e[48;2;88;1;140m  \e[38;2;88;1;140;48;2;71;23;99m▄\e[38;2;88;1;140;48;2;51;51;51m▄\e[48;2;51;51;51m    \e[38;2;65;30;87;48;2;51;51;51m▄\e[38;2;88;1;140;48;2;51;51;51m▄▄▄\e[48;2;88;1;140m        \e[38;2;102;102;102;48;2;89;15;134m▄\e[48;2;102;102;102m   \e[48;2;88;1;140m            \e[38;2;34;0;55;48;2;88;1;140m▄\e[49;38;2;30;0;48m▀\e[49m    \e[m
\e[49m      \e[49;38;2;57;0;92m▀\e[38;2;30;0;48;48;2;88;1;140m▄\e[48;2;88;1;140m                  \e[48;2;102;102;102m   \e[38;2;88;1;140;48;2;102;102;102m▄\e[48;2;88;1;140m          \e[38;2;30;0;48;48;2;88;1;140m▄\e[49;38;2;57;0;92m▀\e[49m      \e[m
\e[49m         \e[49;38;2;30;0;48m▀\e[49;38;2;40;0;64m▀\e[38;2;30;0;48;48;2;88;1;140m▄▄\e[48;2;88;1;140m            \e[38;2;102;102;102;48;2;102;101;102m▄\e[48;2;102;102;102m   \e[48;2;88;1;140m      \e[38;2;30;0;48;48;2;88;1;140m▄▄\e[49;38;2;40;0;65m▀\e[49;38;2;30;0;48m▀\e[49m         \e[m
\e[49m             \e[49;38;2;30;0;48m▀▀\e[38;2;30;0;48;48;2;88;1;140m▄\e[48;2;88;1;140m         \e[48;2;102;102;102m   \e[38;2;88;1;140;48;2;93;37;126m▄\e[48;2;88;1;140m   \e[38;2;30;0;48;48;2;88;1;140m▄\e[49;38;2;30;0;48m▀▀\e[49m             \e[m
\e[49m                 \e[49;38;2;30;0;48m▀\e[38;2;30;0;48;48;2;88;1;140m▄\e[48;2;88;1;140m     \e[38;2;88;1;140;48;2;102;102;102m▄\e[38;2;88;1;140;48;2;102;101;102m▄\e[48;2;88;1;140m   \e[38;2;30;0;48;48;2;88;1;140m▄\e[49;38;2;30;0;48m▀\e[49m                 \e[m
\e[49m                   \e[49;38;2;30;0;48m▀\e[49;38;2;88;1;140m▀\e[38;2;30;0;48;48;2;88;1;140m▄\e[48;2;88;1;140m    \e[38;2;30;0;48;48;2;88;1;140m▄\e[49;38;2;88;1;140m▀\e[49;38;2;30;0;48m▀\e[49m                   \e[m
\e[49m                                                \e[m
";
}
frame12() {
printf "\e[49m                                                \e[m
\e[49m                   \e[38;2;30;0;48;49m▄\e[38;2;88;1;140;49m▄\e[38;2;88;1;140;48;2;30;0;48m▄\e[48;2;88;1;140m    \e[38;2;88;1;140;48;2;30;0;48m▄\e[38;2;88;1;140;49m▄\e[38;2;30;0;48;49m▄\e[49m                   \e[m
\e[49m                 \e[38;2;30;0;48;49m▄\e[38;2;88;1;140;48;2;30;0;48m▄\e[48;2;88;1;140m          \e[38;2;88;1;140;48;2;30;0;48m▄\e[38;2;30;0;48;49m▄\e[49m                 \e[m
\e[49m             \e[38;2;30;0;48;49m▄\e[38;2;30;0;49;49m▄\e[38;2;88;1;140;48;2;30;0;48m▄\e[38;2;255;255;255;48;2;88;1;140m▄▄\e[48;2;255;255;255m \e[48;2;88;1;140m             \e[38;2;88;1;140;48;2;30;0;48m▄\e[38;2;30;0;49;49m▄\e[38;2;30;0;48;49m▄\e[49m             \e[m
\e[49m         \e[38;2;30;0;48;49m▄\e[38;2;39;0;64;49m▄\e[38;2;88;1;140;48;2;30;0;48m▄▄\e[48;2;88;1;140m  \e[48;2;255;255;255m    \e[48;2;88;1;140m             \e[38;2;204;204;204;48;2;88;1;140m▄\e[38;2;204;204;204;48;2;94;11;144m▄\e[38;2;204;204;204;48;2;88;1;140m▄\e[38;2;88;1;140;48;2;30;0;48m▄▄\e[38;2;39;0;64;49m▄\e[38;2;30;0;48;49m▄\e[49m         \e[m
\e[49m      \e[38;2;57;0;92;49m▄\e[38;2;88;1;140;48;2;30;0;48m▄\e[48;2;88;1;140m       \e[48;2;255;255;255m    \e[48;2;88;1;140m         \e[38;2;204;204;204;48;2;88;1;140m▄▄\e[48;2;204;204;204m     \e[38;2;88;1;140;48;2;204;204;204m▄▄\e[48;2;88;1;140m   \e[38;2;88;1;140;48;2;30;0;48m▄\e[38;2;57;0;92;49m▄\e[49m      \e[m
\e[49m    \e[38;2;30;0;48;49m▄\e[38;2;88;1;140;48;2;34;0;55m▄\e[48;2;88;1;140m         \e[48;2;255;255;255m    \e[48;2;88;1;140m      \e[38;2;204;204;204;48;2;88;1;140m▄\e[38;2;204;204;204;48;2;109;35;153m▄\e[48;2;204;204;204m     \e[38;2;88;1;140;48;2;204;204;204m▄\e[38;2;88;1;140;48;2;105;29;150m▄\e[48;2;88;1;140m        \e[38;2;88;1;140;48;2;34;0;55m▄\e[38;2;30;0;48;49m▄\e[49m    \e[m
\e[49m    \e[38;2;88;1;140;48;2;30;0;48m▄\e[48;2;88;1;140m          \e[48;2;255;255;255m    \e[48;2;88;1;140m  \e[38;2;254;253;254;48;2;88;1;140m▄\e[38;2;255;255;255;48;2;88;1;140m▄\e[48;2;255;255;255m  \e[38;2;255;255;255;48;2;88;1;140m▄\e[38;2;254;253;254;48;2;164;134;182m▄\e[38;2;88;1;140;48;2;204;204;204m▄▄▄\e[48;2;88;1;140m             \e[38;2;88;1;140;48;2;30;0;48m▄\e[49m    \e[m
\e[49m    \e[48;2;88;1;140m           \e[48;2;255;255;255m \e[38;2;88;1;140;48;2;255;255;255m▄▄\e[38;2;255;255;255;48;2;88;1;140m▄▄\e[48;2;255;255;255m        \e[38;2;255;255;255;48;2;88;1;140m▄▄\e[48;2;88;1;140m              \e[49m    \e[m
\e[49m    \e[48;2;30;0;48m \e[38;2;32;0;51;48;2;88;1;140m▄\e[48;2;88;1;140m         \e[38;2;255;255;255;48;2;88;1;140m▄\e[48;2;255;255;255m     \e[38;2;88;1;140;48;2;255;255;255m▄▄\e[48;2;88;1;140m  \e[38;2;88;1;140;48;2;255;255;255m▄▄\e[48;2;255;255;255m     \e[38;2;255;255;255;48;2;88;1;140m▄\e[38;2;103;36;143;48;2;88;1;140m▄\e[48;2;88;1;140m         \e[48;2;30;0;48m \e[49m    \e[m
\e[49m    \e[48;2;30;0;48m \e[48;2;88;1;140m \e[48;2;0;0;0m \e[38;2;0;0;0;48;2;72;0;115m▄\e[38;2;0;0;0;48;2;88;1;140m▄\e[48;2;88;1;140m      \e[48;2;255;255;255m    \e[38;2;88;1;140;48;2;255;255;255m▄\e[48;2;88;1;140m        \e[38;2;88;1;140;48;2;255;255;255m▄\e[48;2;255;255;255m    \e[48;2;153;153;153m  \e[38;2;153;153;153;48;2;88;1;140m▄▄\e[48;2;88;1;140m      \e[48;2;30;0;48m \e[49m    \e[m
\e[49m    \e[48;2;30;0;48m \e[48;2;88;1;140m \e[48;2;0;0;0m     \e[38;2;0;0;0;48;2;88;1;140m▄▄\e[48;2;88;1;140m  \e[48;2;255;255;255m    \e[48;2;88;1;140m          \e[48;2;255;255;255m    \e[38;2;134;108;149;48;2;153;152;153m▄\e[48;2;153;153;153m     \e[38;2;153;153;153;48;2;88;1;140m▄\e[48;2;88;1;140m   \e[48;2;30;0;48m \e[49m    \e[m
\e[49m    \e[48;2;30;0;48m \e[48;2;88;1;140m  \e[38;2;88;1;140;48;2;22;0;35m▄\e[38;2;88;1;140;48;2;0;0;0m▄\e[48;2;0;0;0m     \e[48;2;88;1;140m \e[48;2;255;255;255m    \e[48;2;88;1;140m          \e[48;2;255;255;255m    \e[48;2;88;1;140m  \e[38;2;88;1;140;48;2;153;153;153m▄▄\e[48;2;153;153;153m     \e[48;2;88;1;140m \e[48;2;30;0;48m \e[49m    \e[m
\e[49m    \e[48;2;30;0;48m \e[48;2;88;1;140m      \e[38;2;88;1;140;48;2;0;0;0m▄▄\e[48;2;0;0;0m \e[48;2;88;1;140m \e[48;2;255;255;255m    \e[38;2;255;255;255;48;2;88;1;140m▄\e[48;2;88;1;140m        \e[38;2;255;255;255;48;2;88;1;140m▄\e[48;2;255;255;255m    \e[48;2;88;1;140m      \e[38;2;88;1;140;48;2;153;153;153m▄\e[38;2;152;152;153;48;2;153;153;153m▄\e[48;2;153;153;153m \e[48;2;88;1;140m \e[48;2;30;0;48m \e[49m    \e[m
\e[49m    \e[48;2;30;0;48m \e[48;2;88;1;140m          \e[38;2;88;1;140;48;2;255;255;255m▄\e[48;2;255;255;255m     \e[38;2;255;255;255;48;2;88;1;140m▄▄\e[48;2;88;1;140m  \e[38;2;255;255;255;48;2;88;1;140m▄▄\e[48;2;255;255;255m     \e[38;2;88;1;140;48;2;255;255;255m▄\e[48;2;88;1;140m          \e[48;2;30;0;48m \e[49m    \e[m
\e[49m    \e[48;2;88;1;140m              \e[38;2;88;1;140;48;2;255;255;255m▄▄\e[48;2;255;255;255m        \e[38;2;88;1;140;48;2;255;255;255m▄▄\e[38;2;102;102;102;48;2;88;1;140m▄▄\e[48;2;102;102;102m \e[48;2;88;1;140m           \e[49m    \e[m
\e[49m    \e[38;2;30;0;48;48;2;88;1;140m▄\e[48;2;88;1;140m             \e[38;2;51;51;51;48;2;88;1;140m▄▄▄\e[38;2;88;1;140;48;2;255;255;255m▄▄\e[48;2;255;255;255m  \e[38;2;88;1;140;48;2;255;255;255m▄▄\e[48;2;88;1;140m  \e[48;2;102;102;102m    \e[48;2;88;1;140m          \e[38;2;30;0;48;48;2;88;1;140m▄\e[49m    \e[m
\e[49m    \e[49;38;2;30;0;48m▀\e[38;2;34;0;55;48;2;88;1;140m▄\e[48;2;88;1;140m        \e[38;2;53;46;57;48;2;88;1;140m▄\e[38;2;51;51;51;48;2;88;1;140m▄\e[48;2;51;51;51m     \e[38;2;88;1;140;48;2;51;51;51m▄▄\e[48;2;88;1;140m      \e[48;2;102;102;102m    \e[48;2;88;1;140m         \e[38;2;34;0;55;48;2;88;1;140m▄\e[49;38;2;30;0;48m▀\e[49m    \e[m
\e[49m      \e[49;38;2;57;0;92m▀\e[38;2;30;0;48;48;2;88;1;140m▄\e[48;2;88;1;140m   \e[38;2;51;51;51;48;2;88;1;140m▄▄\e[48;2;51;51;51m     \e[38;2;88;1;140;48;2;51;51;51m▄▄\e[48;2;88;1;140m         \e[48;2;102;102;102m    \e[48;2;88;1;140m       \e[38;2;30;0;48;48;2;88;1;140m▄\e[49;38;2;57;0;92m▀\e[49m      \e[m
\e[49m         \e[49;38;2;30;0;48m▀\e[49;38;2;39;0;64m▀\e[38;2;30;0;48;48;2;88;1;140m▄\e[38;2;30;0;48;48;2;73;20;104m▄\e[38;2;88;1;140;48;2;51;51;51m▄\e[38;2;85;3;134;48;2;51;51;51m▄\e[38;2;88;1;140;48;2;51;51;51m▄\e[48;2;88;1;140m             \e[48;2;102;102;102m    \e[48;2;88;1;140m  \e[38;2;30;0;48;48;2;88;1;140m▄▄\e[49;38;2;39;0;64m▀\e[49;38;2;30;0;48m▀\e[49m         \e[m
\e[49m             \e[49;38;2;30;0;48m▀\e[49;38;2;30;0;49m▀\e[38;2;30;0;48;48;2;88;1;140m▄\e[48;2;88;1;140m             \e[48;2;102;102;102m \e[38;2;88;1;140;48;2;102;102;102m▄▄\e[38;2;30;0;48;48;2;88;1;140m▄\e[49;38;2;30;0;49m▀\e[49;38;2;30;0;48m▀\e[49m             \e[m
\e[49m                 \e[49;38;2;30;0;48m▀\e[38;2;30;0;48;48;2;88;1;140m▄\e[48;2;88;1;140m          \e[38;2;30;0;48;48;2;88;1;140m▄\e[49;38;2;30;0;48m▀\e[49m                 \e[m
\e[49m                   \e[49;38;2;30;0;48m▀\e[49;38;2;88;1;140m▀\e[38;2;30;0;48;48;2;88;1;140m▄\e[48;2;88;1;140m    \e[38;2;30;0;48;48;2;88;1;140m▄\e[49;38;2;88;1;140m▀\e[49;38;2;30;0;48m▀\e[49m                   \e[m
\e[49m                                                \e[m
";
}
frame13() {
printf "\e[49m                                                \e[m
\e[49m                   \e[38;2;30;0;48;49m▄\e[38;2;88;1;140;49m▄\e[38;2;88;1;140;48;2;30;0;48m▄\e[48;2;88;1;140m    \e[38;2;88;1;140;48;2;30;0;48m▄\e[38;2;88;1;140;49m▄\e[38;2;30;0;48;49m▄\e[49m                   \e[m
\e[49m                 \e[38;2;30;0;48;49m▄\e[38;2;88;1;140;48;2;30;0;48m▄\e[48;2;88;1;140m          \e[38;2;88;1;140;48;2;30;0;48m▄\e[38;2;30;0;48;49m▄\e[49m                 \e[m
\e[49m             \e[38;2;30;0;48;49m▄\e[38;2;30;0;49;49m▄\e[38;2;88;1;140;48;2;30;0;48m▄\e[48;2;88;1;140m            \e[38;2;204;204;204;48;2;88;1;140m▄▄▄▄\e[38;2;204;204;204;48;2;30;0;48m▄\e[38;2;30;0;49;49m▄\e[38;2;30;0;48;49m▄\e[49m             \e[m
\e[49m         \e[38;2;30;0;48;49m▄\e[38;2;40;0;65;49m▄\e[38;2;88;1;140;48;2;30;0;48m▄▄\e[38;2;255;255;255;48;2;90;5;142m▄\e[38;2;255;255;255;48;2;88;2;140m▄\e[48;2;88;1;140m           \e[38;2;204;204;204;48;2;88;1;140m▄\e[48;2;204;204;204m    \e[38;2;88;1;140;48;2;204;204;204m▄\e[48;2;88;1;140m   \e[38;2;88;1;140;48;2;30;0;48m▄▄\e[38;2;39;0;64;49m▄\e[38;2;30;0;48;49m▄\e[49m         \e[m
\e[49m      \e[38;2;57;0;92;49m▄\e[38;2;88;1;140;48;2;30;0;48m▄\e[48;2;88;1;140m    \e[48;2;255;255;255m   \e[48;2;88;1;140m         \e[38;2;204;204;204;48;2;88;1;140m▄\e[48;2;204;204;204m    \e[38;2;88;1;140;48;2;204;204;204m▄\e[48;2;88;1;140m          \e[38;2;88;1;140;48;2;30;0;48m▄\e[38;2;57;0;92;49m▄\e[49m      \e[m
\e[49m    \e[38;2;30;0;48;49m▄\e[38;2;88;1;140;48;2;34;0;55m▄\e[48;2;88;1;140m      \e[48;2;255;255;255m   \e[38;2;255;255;255;48;2;248;245;250m▄\e[48;2;88;1;140m      \e[38;2;204;204;204;48;2;88;1;140m▄\e[48;2;204;204;204m    \e[38;2;88;1;140;48;2;204;204;204m▄\e[48;2;88;1;140m              \e[38;2;88;1;140;48;2;34;0;55m▄\e[38;2;30;0;48;49m▄\e[49m    \e[m
\e[49m    \e[38;2;88;1;140;48;2;30;0;48m▄\e[48;2;88;1;140m       \e[38;2;88;1;140;48;2;211;189;225m▄\e[48;2;255;255;255m   \e[48;2;88;1;140m     \e[38;2;255;255;255;48;2;88;1;140m▄▄\e[48;2;255;255;255m  \e[38;2;255;255;255;48;2;204;204;204m▄\e[38;2;255;255;255;48;2;88;1;140m▄\e[48;2;88;1;140m                \e[38;2;88;1;140;48;2;30;0;48m▄\e[49m    \e[m
\e[49m    \e[48;2;88;1;140m         \e[48;2;255;255;255m    \e[48;2;88;1;140m \e[38;2;255;255;255;48;2;88;1;140m▄▄\e[48;2;255;255;255m        \e[38;2;255;255;255;48;2;88;1;140m▄▄\e[48;2;88;1;140m  \e[38;2;153;153;153;48;2;88;1;140m▄\e[48;2;88;1;140m           \e[49m    \e[m
\e[49m    \e[48;2;30;0;48m \e[48;2;88;1;140m        \e[38;2;88;1;140;48;2;87;0;139m▄\e[48;2;255;255;255m       \e[38;2;88;1;140;48;2;255;255;255m▄▄\e[48;2;88;1;140m  \e[38;2;88;1;140;48;2;255;255;255m▄▄\e[48;2;255;255;255m     \e[38;2;255;255;255;48;2;153;153;153m▄\e[48;2;153;153;153m    \e[38;2;153;153;153;48;2;88;1;140m▄▄▄\e[38;2;152;151;153;48;2;88;1;140m▄\e[48;2;88;1;140m  \e[48;2;30;0;48m \e[49m    \e[m
\e[49m    \e[48;2;30;0;48m \e[48;2;88;1;140m          \e[48;2;255;255;255m    \e[38;2;88;1;140;48;2;255;255;255m▄\e[48;2;88;1;140m        \e[38;2;88;1;140;48;2;255;255;255m▄\e[48;2;255;255;255m    \e[38;2;88;1;140;48;2;153;153;153m▄▄\e[48;2;153;153;153m       \e[48;2;88;1;140m \e[48;2;30;0;48m \e[49m    \e[m
\e[49m    \e[48;2;30;0;48m \e[48;2;88;1;140m          \e[48;2;255;255;255m    \e[48;2;88;1;140m          \e[48;2;255;255;255m    \e[48;2;88;1;140m     \e[38;2;88;1;140;48;2;117;69;146m▄\e[38;2;88;1;140;48;2;153;153;153m▄▄▄\e[48;2;153;153;153m \e[48;2;30;0;48m \e[49m    \e[m
\e[49m    \e[48;2;30;0;48m \e[48;2;0;0;0m \e[38;2;0;0;0;48;2;88;1;140m▄▄▄\e[38;2;54;0;88;48;2;88;1;140m▄\e[48;2;88;1;140m     \e[48;2;255;255;255m    \e[48;2;88;1;140m          \e[48;2;255;255;255m    \e[48;2;88;1;140m          \e[48;2;30;0;48m \e[49m    \e[m
\e[49m    \e[48;2;30;0;48m \e[48;2;88;1;140m \e[48;2;0;0;0m       \e[38;2;0;0;0;48;2;88;1;140m▄▄\e[48;2;255;255;255m    \e[38;2;255;255;255;48;2;88;1;140m▄\e[48;2;88;1;140m        \e[38;2;255;255;255;48;2;88;1;140m▄\e[48;2;255;255;255m    \e[48;2;88;1;140m          \e[48;2;30;0;48m \e[49m    \e[m
\e[49m    \e[48;2;30;0;48m \e[48;2;88;1;140m  \e[38;2;88;1;140;48;2;0;0;0m▄▄▄▄\e[48;2;0;0;0m    \e[38;2;0;0;0;48;2;255;255;255m▄\e[48;2;255;255;255m     \e[38;2;255;255;255;48;2;88;1;140m▄▄\e[48;2;88;1;140m  \e[38;2;255;255;255;48;2;88;1;140m▄▄\e[48;2;255;255;255m     \e[38;2;102;102;102;48;2;255;255;255m▄\e[48;2;102;102;102m \e[38;2;88;0;140;48;2;88;1;140m▄\e[48;2;88;1;140m        \e[48;2;30;0;48m \e[49m    \e[m
\e[49m    \e[48;2;88;1;140m           \e[38;2;88;1;140;48;2;0;0;0m▄\e[48;2;88;1;140m  \e[38;2;88;1;140;48;2;255;255;255m▄▄\e[48;2;255;255;255m        \e[38;2;88;1;140;48;2;255;255;255m▄▄\e[48;2;88;1;140m \e[48;2;102;102;102m    \e[48;2;88;1;140m         \e[49m    \e[m
\e[49m    \e[38;2;30;0;48;48;2;88;1;140m▄\e[48;2;88;1;140m                \e[38;2;88;1;140;48;2;254;253;254m▄\e[38;2;51;51;51;48;2;255;255;255m▄\e[48;2;255;255;255m  \e[38;2;88;1;140;48;2;255;255;255m▄\e[38;2;88;1;140;48;2;254;253;254m▄\e[48;2;88;1;140m     \e[48;2;102;102;102m   \e[38;2;98;74;112;48;2;88;1;140m▄\e[48;2;88;1;140m       \e[38;2;30;0;48;48;2;88;1;140m▄\e[49m    \e[m
\e[49m    \e[49;38;2;30;0;48m▀\e[38;2;34;0;55;48;2;88;1;140m▄\e[48;2;88;1;140m              \e[38;2;51;51;51;48;2;88;1;140m▄\e[48;2;51;51;51m    \e[38;2;88;1;140;48;2;51;51;51m▄\e[48;2;88;1;140m      \e[38;2;101;98;103;48;2;102;102;102m▄\e[48;2;102;102;102m   \e[48;2;88;1;140m      \e[38;2;34;0;55;48;2;88;1;140m▄\e[49;38;2;30;0;48m▀\e[49m    \e[m
\e[49m      \e[49;38;2;57;0;92m▀\e[38;2;30;0;48;48;2;88;1;140m▄\e[48;2;88;1;140m          \e[38;2;51;51;51;48;2;88;1;140m▄\e[48;2;51;51;51m    \e[38;2;88;1;140;48;2;51;51;51m▄\e[48;2;88;1;140m         \e[48;2;102;102;102m   \e[48;2;88;1;140m    \e[38;2;30;0;48;48;2;88;1;140m▄\e[49;38;2;57;0;92m▀\e[49m      \e[m
\e[49m         \e[49;38;2;30;0;48m▀\e[49;38;2;39;0;64m▀\e[38;2;30;0;48;48;2;88;1;140m▄▄\e[48;2;88;1;140m   \e[38;2;51;51;51;48;2;88;1;140m▄\e[48;2;51;51;51m    \e[38;2;88;1;140;48;2;51;51;51m▄\e[48;2;88;1;140m           \e[38;2;88;1;140;48;2;102;102;102m▄\e[38;2;88;3;139;48;2;102;102;102m▄\e[38;2;30;0;48;48;2;88;1;140m▄▄\e[49;38;2;39;0;64m▀\e[49;38;2;30;0;48m▀\e[49m         \e[m
\e[49m             \e[49;38;2;30;0;48m▀\e[49;38;2;30;0;49m▀\e[38;2;30;0;48;48;2;51;51;51m▄\e[38;2;88;1;140;48;2;51;51;51m▄▄▄▄\e[48;2;88;1;140m            \e[38;2;30;0;48;48;2;88;1;140m▄\e[49;38;2;30;0;49m▀\e[49;38;2;30;0;48m▀\e[49m             \e[m
\e[49m                 \e[49;38;2;30;0;48m▀\e[38;2;30;0;48;48;2;88;1;140m▄\e[48;2;88;1;140m          \e[38;2;30;0;48;48;2;88;1;140m▄\e[49;38;2;30;0;48m▀\e[49m                 \e[m
\e[49m                   \e[49;38;2;30;0;48m▀\e[49;38;2;88;1;140m▀\e[38;2;30;0;48;48;2;88;1;140m▄\e[48;2;88;1;140m    \e[38;2;30;0;48;48;2;88;1;140m▄\e[49;38;2;88;1;140m▀\e[49;38;2;30;0;48m▀\e[49m                   \e[m
\e[49m                                                \e[m
";
}
frame14() {
printf "\e[49m                                                \e[m
\e[49m                   \e[38;2;30;0;48;49m▄\e[38;2;88;1;140;49m▄\e[38;2;88;1;140;48;2;30;0;48m▄\e[48;2;88;1;140m    \e[38;2;88;1;140;48;2;30;0;48m▄\e[38;2;88;1;140;49m▄\e[38;2;30;0;48;49m▄\e[49m                   \e[m
\e[49m                 \e[38;2;30;0;48;49m▄\e[38;2;88;1;140;48;2;30;0;48m▄\e[48;2;88;1;140m         \e[38;2;87;0;140;48;2;88;1;140m▄\e[38;2;88;1;140;48;2;30;0;48m▄\e[38;2;30;0;48;49m▄\e[49m                 \e[m
\e[49m             \e[38;2;30;0;48;49m▄\e[38;2;30;0;49;49m▄\e[38;2;88;1;140;48;2;30;0;48m▄\e[48;2;88;1;140m       \e[38;2;102;26;148;48;2;88;1;140m▄\e[48;2;204;204;204m   \e[38;2;175;154;188;48;2;204;204;204m▄\e[48;2;88;1;140m    \e[38;2;88;1;140;48;2;30;0;48m▄\e[38;2;30;0;49;49m▄\e[38;2;30;0;48;49m▄\e[49m             \e[m
\e[49m         \e[38;2;30;0;48;49m▄\e[38;2;40;0;64;49m▄\e[38;2;88;1;140;48;2;30;0;48m▄▄\e[48;2;88;1;140m         \e[38;2;204;204;204;48;2;88;1;140m▄\e[48;2;204;204;204m   \e[38;2;88;1;140;48;2;204;204;204m▄\e[48;2;88;1;140m        \e[38;2;88;1;140;48;2;30;0;48m▄▄\e[38;2;40;0;64;49m▄\e[38;2;30;0;48;49m▄\e[49m         \e[m
\e[49m      \e[38;2;57;0;91;49m▄\e[38;2;88;1;140;48;2;30;0;48m▄\e[48;2;88;1;140m  \e[38;2;255;255;255;48;2;88;1;140m▄\e[48;2;88;1;140m          \e[38;2;204;204;204;48;2;88;1;140m▄\e[48;2;204;204;204m   \e[38;2;88;1;140;48;2;204;204;204m▄\e[48;2;88;1;140m              \e[38;2;88;1;140;48;2;30;0;48m▄\e[38;2;57;0;91;49m▄\e[49m      \e[m
\e[49m    \e[38;2;30;0;48;49m▄\e[38;2;88;1;140;48;2;34;0;55m▄\e[48;2;88;1;140m   \e[38;2;255;255;255;48;2;94;11;144m▄\e[48;2;255;255;255m \e[38;2;255;255;255;48;2;88;1;140m▄\e[48;2;88;1;140m        \e[38;2;204;204;204;48;2;88;1;140m▄\e[48;2;204;204;204m   \e[38;2;88;1;140;48;2;204;204;204m▄\e[48;2;88;1;140m                 \e[38;2;88;1;140;48;2;34;0;55m▄\e[38;2;30;0;48;49m▄\e[49m    \e[m
\e[49m    \e[38;2;88;1;140;48;2;30;0;48m▄\e[48;2;88;1;140m   \e[38;2;88;1;140;48;2;130;65;168m▄\e[48;2;255;255;255m   \e[38;2;255;255;255;48;2;179;140;203m▄\e[48;2;88;1;140m      \e[38;2;88;1;140;48;2;125;66;160m▄\e[38;2;88;1;140;48;2;154;117;176m▄\e[38;2;255;255;255;48;2;151;112;174m▄\e[38;2;255;255;255;48;2;145;102;171m▄\e[38;2;255;255;255;48;2;251;248;252m▄\e[48;2;255;255;255m \e[38;2;255;255;255;48;2;88;1;140m▄▄\e[48;2;88;1;140m   \e[38;2;153;153;153;48;2;88;1;140m▄▄▄▄▄▄▄▄▄▄\e[48;2;88;1;140m   \e[38;2;88;1;140;48;2;30;0;48m▄\e[49m    \e[m
\e[49m    \e[48;2;88;1;140m      \e[48;2;255;255;255m    \e[48;2;88;1;140m    \e[38;2;255;255;255;48;2;88;1;140m▄▄\e[48;2;255;255;255m        \e[38;2;255;255;255;48;2;88;1;140m▄▄\e[48;2;88;1;140m \e[48;2;153;153;153m          \e[48;2;88;1;140m   \e[49m    \e[m
\e[49m    \e[48;2;30;0;48m \e[48;2;88;1;140m      \e[48;2;255;255;255m    \e[38;2;255;255;255;48;2;88;1;140m▄\e[48;2;255;255;255m     \e[38;2;88;1;140;48;2;255;255;255m▄▄\e[48;2;88;1;140m  \e[38;2;88;1;140;48;2;255;255;255m▄▄\e[48;2;255;255;255m     \e[38;2;255;255;255;48;2;153;153;153m▄\e[38;2;88;1;140;48;2;153;153;153m▄▄▄▄▄▄▄▄▄\e[48;2;88;1;140m \e[48;2;30;0;48m \e[49m    \e[m
\e[49m    \e[48;2;30;0;48m \e[48;2;88;1;140m       \e[38;2;87;0;139;48;2;255;255;255m▄\e[48;2;255;255;255m \e[38;2;99;19;148;48;2;255;255;255m▄\e[48;2;255;255;255m    \e[38;2;88;1;140;48;2;255;255;255m▄\e[48;2;88;1;140m        \e[38;2;88;1;140;48;2;255;255;255m▄\e[48;2;255;255;255m    \e[48;2;88;1;140m          \e[48;2;30;0;48m \e[49m    \e[m
\e[49m    \e[48;2;30;0;48m \e[48;2;88;1;140m        \e[38;2;88;1;140;48;2;255;255;255m▄\e[48;2;88;1;140m \e[48;2;255;255;255m    \e[48;2;88;1;140m          \e[48;2;255;255;255m    \e[48;2;88;1;140m          \e[48;2;30;0;48m \e[49m    \e[m
\e[49m    \e[48;2;30;0;48m \e[48;2;88;1;140m          \e[48;2;255;255;255m    \e[48;2;88;1;140m          \e[48;2;255;255;255m    \e[48;2;88;1;140m \e[38;2;102;102;102;48;2;88;1;140m▄\e[48;2;88;1;140m        \e[48;2;30;0;48m \e[49m    \e[m
\e[49m    \e[48;2;30;0;48m \e[48;2;88;1;140m          \e[48;2;255;255;255m    \e[38;2;255;255;255;48;2;88;1;140m▄\e[48;2;88;1;140m        \e[38;2;255;255;255;48;2;88;1;140m▄\e[48;2;255;255;255m    \e[38;2;102;102;102;48;2;89;9;136m▄\e[48;2;102;102;102m \e[38;2;102;102;102;48;2;88;0;140m▄\e[48;2;88;1;140m       \e[48;2;30;0;48m \e[49m    \e[m
\e[49m    \e[48;2;30;0;48m \e[48;2;88;1;140m \e[38;2;0;0;0;48;2;88;1;140m▄▄▄▄▄▄▄▄▄\e[38;2;0;0;0;48;2;255;255;255m▄\e[48;2;255;255;255m     \e[38;2;255;255;255;48;2;88;1;140m▄▄\e[48;2;88;1;140m  \e[38;2;255;255;255;48;2;88;1;140m▄▄\e[48;2;255;255;255m     \e[38;2;88;1;140;48;2;255;255;255m▄\e[48;2;102;102;102m    \e[48;2;88;1;140m      \e[48;2;30;0;48m \e[49m    \e[m
\e[49m    \e[48;2;88;1;140m   \e[48;2;0;0;0m          \e[48;2;88;1;140m \e[38;2;88;1;140;48;2;255;255;255m▄▄\e[48;2;255;255;255m        \e[38;2;88;1;140;48;2;255;255;255m▄▄\e[48;2;88;1;140m    \e[48;2;102;102;102m    \e[48;2;88;1;140m      \e[49m    \e[m
\e[49m    \e[38;2;30;0;48;48;2;88;1;140m▄\e[48;2;88;1;140m   \e[38;2;88;1;140;48;2;0;0;0m▄▄▄▄▄▄▄▄▄▄\e[48;2;88;1;140m   \e[38;2;88;1;140;48;2;254;254;254m▄\e[38;2;88;1;140;48;2;255;255;255m▄\e[48;2;255;255;255m \e[38;2;239;237;240;48;2;255;255;255m▄\e[38;2;74;18;108;48;2;255;255;255m▄\e[38;2;73;20;104;48;2;254;254;254m▄\e[38;2;72;22;102;48;2;88;1;140m▄\e[38;2;78;12;117;48;2;88;1;140m▄\e[48;2;88;1;140m      \e[38;2;96;60;117;48;2;102;102;102m▄\e[48;2;102;102;102m   \e[38;2;91;22;132;48;2;88;1;140m▄\e[48;2;88;1;140m   \e[38;2;30;0;48;48;2;88;1;140m▄\e[49m    \e[m
\e[49m    \e[49;38;2;30;0;48m▀\e[38;2;34;0;55;48;2;88;1;140m▄\e[48;2;88;1;140m                 \e[38;2;51;51;51;48;2;88;1;140m▄\e[48;2;51;51;51m   \e[38;2;88;1;140;48;2;51;51;51m▄\e[48;2;88;1;140m        \e[38;2;88;1;140;48;2;102;102;102m▄\e[48;2;102;102;102m \e[38;2;88;4;138;48;2;102;102;102m▄\e[48;2;88;1;140m   \e[38;2;34;0;55;48;2;88;1;140m▄\e[49;38;2;30;0;48m▀\e[49m    \e[m
\e[49m      \e[49;38;2;57;0;91m▀\e[38;2;30;0;48;48;2;88;1;140m▄\e[48;2;88;1;140m              \e[38;2;51;51;51;48;2;88;1;140m▄\e[48;2;51;51;51m   \e[38;2;88;1;140;48;2;51;51;51m▄\e[48;2;88;1;140m          \e[38;2;88;1;140;48;2;102;102;102m▄\e[48;2;88;1;140m  \e[38;2;30;0;48;48;2;88;1;140m▄\e[49;38;2;57;0;91m▀\e[49m      \e[m
\e[49m         \e[49;38;2;30;0;48m▀\e[49;38;2;40;0;64m▀\e[38;2;30;0;48;48;2;88;1;140m▄▄\e[48;2;88;1;140m        \e[38;2;51;51;51;48;2;88;1;140m▄\e[48;2;51;51;51m   \e[38;2;88;1;140;48;2;51;51;51m▄\e[48;2;88;1;140m         \e[38;2;30;0;48;48;2;88;1;140m▄▄\e[49;38;2;40;0;64m▀\e[49;38;2;30;0;48m▀\e[49m         \e[m
\e[49m             \e[49;38;2;30;0;48m▀\e[49;38;2;30;0;49m▀\e[38;2;30;0;48;48;2;88;1;140m▄\e[48;2;88;1;140m    \e[38;2;51;51;51;48;2;61;36;75m▄\e[48;2;51;51;51m   \e[38;2;88;1;140;48;2;82;8;126m▄\e[48;2;88;1;140m       \e[38;2;30;0;48;48;2;88;1;140m▄\e[49;38;2;30;0;49m▀\e[49;38;2;30;0;48m▀\e[49m             \e[m
\e[49m                 \e[49;38;2;30;0;48m▀\e[38;2;30;0;48;48;2;88;1;140m▄\e[38;2;88;1;140;48;2;88;1;139m▄\e[48;2;88;1;140m         \e[38;2;30;0;48;48;2;88;1;140m▄\e[49;38;2;30;0;48m▀\e[49m                 \e[m
\e[49m                   \e[49;38;2;30;0;48m▀\e[49;38;2;88;1;140m▀\e[38;2;30;0;48;48;2;88;1;140m▄\e[48;2;88;1;140m    \e[38;2;30;0;48;48;2;88;1;140m▄\e[49;38;2;88;1;140m▀\e[49;38;2;30;0;48m▀\e[49m                   \e[m
\e[49m                                                \e[m
";
}
frame15() {
printf "\e[49m                                                \e[m
\e[49m                   \e[38;2;30;0;48;49m▄\e[38;2;88;1;140;49m▄\e[38;2;88;1;140;48;2;30;0;48m▄\e[48;2;88;1;140m    \e[38;2;88;1;140;48;2;30;0;48m▄\e[38;2;88;1;140;49m▄\e[38;2;30;0;48;49m▄\e[49m                   \e[m
\e[49m                 \e[38;2;30;0;48;49m▄\e[38;2;88;1;140;48;2;30;0;48m▄\e[48;2;88;1;140m   \e[38;2;203;203;203;48;2;88;1;140m▄\e[38;2;204;204;204;48;2;88;1;140m▄\e[48;2;88;1;140m     \e[38;2;88;1;140;48;2;30;0;48m▄\e[38;2;30;0;48;49m▄\e[49m                 \e[m
\e[49m             \e[38;2;30;0;48;49m▄▄\e[38;2;88;1;140;48;2;30;0;48m▄\e[48;2;88;1;140m   \e[38;2;203;202;203;48;2;88;1;140m▄\e[48;2;204;204;204m   \e[48;2;88;1;140m         \e[38;2;88;1;140;48;2;30;0;48m▄\e[38;2;30;0;48;49m▄▄\e[49m             \e[m
\e[49m         \e[38;2;30;0;48;49m▄\e[38;2;40;0;64;49m▄\e[38;2;88;1;140;48;2;30;0;48m▄▄\e[48;2;88;1;140m      \e[48;2;204;204;204m   \e[38;2;137;85;168;48;2;204;204;204m▄\e[48;2;88;1;140m            \e[38;2;88;1;140;48;2;30;0;48m▄▄\e[38;2;40;0;64;49m▄\e[38;2;30;0;48;49m▄\e[49m         \e[m
\e[49m      \e[38;2;57;0;92;49m▄\e[38;2;88;1;140;48;2;30;0;48m▄\e[48;2;88;1;140m          \e[38;2;204;204;204;48;2;88;1;140m▄\e[48;2;204;204;204m   \e[48;2;88;1;140m                  \e[38;2;88;1;140;48;2;30;0;48m▄\e[38;2;57;0;92;49m▄\e[49m      \e[m
\e[49m    \e[38;2;30;0;48;49m▄\e[38;2;88;1;140;48;2;34;0;55m▄\e[48;2;88;1;140m            \e[48;2;204;204;204m   \e[38;2;88;1;140;48;2;204;204;204m▄\e[48;2;88;1;140m       \e[38;2;87;0;140;48;2;88;1;140m▄\e[38;2;153;153;153;48;2;88;1;140m▄▄▄\e[38;2;153;153;153;48;2;131;101;148m▄\e[48;2;153;153;153m    \e[38;2;153;153;153;48;2;88;1;140m▄\e[38;2;89;2;140;48;2;88;1;140m▄\e[48;2;88;1;140m  \e[38;2;88;1;140;48;2;34;0;55m▄\e[38;2;30;0;48;49m▄\e[49m    \e[m
\e[49m    \e[38;2;88;1;140;48;2;30;0;48m▄\e[48;2;88;1;140m  \e[38;2;255;255;255;48;2;88;1;140m▄\e[48;2;88;1;140m         \e[38;2;204;204;204;48;2;88;1;140m▄\e[48;2;204;204;204m \e[38;2;88;1;140;48;2;204;204;204m▄▄\e[38;2;255;255;255;48;2;88;1;140m▄▄\e[48;2;255;255;255m  \e[38;2;255;255;255;48;2;88;1;140m▄▄\e[48;2;88;1;140m \e[38;2;88;1;140;48;2;153;153;153m▄\e[48;2;153;153;153m      \e[38;2;149;143;152;48;2;153;153;153m▄\e[38;2;88;1;140;48;2;153;153;153m▄▄▄\e[38;2;88;1;140;48;2;89;3;140m▄\e[48;2;88;1;140m   \e[38;2;88;1;140;48;2;30;0;48m▄\e[49m    \e[m
\e[49m    \e[48;2;88;1;140m   \e[48;2;255;255;255m  \e[38;2;255;255;255;48;2;88;1;140m▄\e[48;2;88;1;140m        \e[38;2;255;255;255;48;2;88;1;140m▄▄\e[48;2;255;255;255m        \e[38;2;255;255;255;48;2;88;1;140m▄▄\e[38;2;88;1;140;48;2;153;153;153m▄▄\e[48;2;88;1;140m            \e[49m    \e[m
\e[49m    \e[48;2;30;0;48m \e[48;2;88;1;140m  \e[48;2;255;255;255m    \e[38;2;255;255;255;48;2;88;1;140m▄\e[48;2;88;1;140m   \e[38;2;255;255;255;48;2;88;1;140m▄\e[48;2;255;255;255m     \e[38;2;88;1;140;48;2;255;255;255m▄▄\e[48;2;88;1;140m  \e[38;2;88;1;140;48;2;255;255;255m▄▄\e[48;2;255;255;255m     \e[38;2;255;255;255;48;2;88;1;140m▄\e[48;2;88;1;140m          \e[48;2;30;0;48m \e[49m    \e[m
\e[49m    \e[48;2;30;0;48m \e[48;2;88;1;140m   \e[38;2;88;1;140;48;2;255;255;255m▄\e[48;2;255;255;255m    \e[38;2;255;255;255;48;2;88;1;140m▄\e[48;2;88;1;140m \e[48;2;255;255;255m    \e[38;2;88;1;140;48;2;255;255;255m▄\e[48;2;88;1;140m        \e[38;2;88;1;140;48;2;255;255;255m▄\e[48;2;255;255;255m    \e[48;2;88;1;140m          \e[48;2;30;0;48m \e[49m    \e[m
\e[49m    \e[48;2;30;0;48m \e[48;2;88;1;140m     \e[38;2;88;1;140;48;2;255;255;255m▄\e[48;2;255;255;255m   \e[38;2;88;1;140;48;2;255;255;255m▄\e[48;2;255;255;255m    \e[48;2;88;1;140m          \e[48;2;255;255;255m    \e[48;2;88;1;140m \e[48;2;102;102;102m \e[38;2;102;102;102;48;2;88;1;140m▄\e[48;2;88;1;140m       \e[48;2;30;0;48m \e[49m    \e[m
\e[49m    \e[48;2;30;0;48m \e[48;2;88;1;140m       \e[38;2;88;1;140;48;2;255;255;255m▄\e[48;2;255;255;255m \e[48;2;88;1;140m \e[48;2;255;255;255m    \e[48;2;88;1;140m          \e[48;2;255;255;255m    \e[38;2;102;102;102;48;2;88;1;140m▄\e[48;2;102;102;102m   \e[38;2;102;102;102;48;2;88;1;140m▄\e[48;2;88;1;140m     \e[48;2;30;0;48m \e[49m    \e[m
\e[49m    \e[48;2;30;0;48m \e[48;2;88;1;140m          \e[48;2;255;255;255m    \e[38;2;255;255;255;48;2;88;1;140m▄\e[48;2;88;1;140m        \e[38;2;255;255;255;48;2;88;1;140m▄\e[48;2;255;255;255m    \e[48;2;88;1;140m \e[38;2;88;1;140;48;2;102;102;102m▄\e[48;2;102;102;102m    \e[38;2;102;102;102;48;2;88;1;140m▄\e[48;2;88;1;140m   \e[48;2;30;0;48m \e[49m    \e[m
\e[49m    \e[48;2;30;0;48m \e[48;2;88;1;140m          \e[38;2;88;1;140;48;2;255;255;255m▄\e[48;2;255;255;255m     \e[38;2;255;255;255;48;2;88;1;140m▄▄\e[48;2;88;1;140m  \e[38;2;255;255;255;48;2;88;1;140m▄▄\e[48;2;255;255;255m     \e[38;2;88;1;140;48;2;255;255;255m▄\e[48;2;88;1;140m   \e[38;2;88;1;140;48;2;102;102;102m▄\e[48;2;102;102;102m    \e[48;2;88;1;140m  \e[48;2;30;0;48m \e[49m    \e[m
\e[49m    \e[48;2;88;1;140m            \e[38;2;0;0;0;48;2;88;1;140m▄▄\e[38;2;88;1;140;48;2;255;255;255m▄▄\e[48;2;255;255;255m        \e[38;2;88;1;140;48;2;255;255;255m▄▄\e[48;2;88;1;140m        \e[38;2;88;1;140;48;2;102;102;102m▄\e[48;2;102;102;102m  \e[48;2;88;1;140m   \e[49m    \e[m
\e[49m    \e[38;2;30;0;48;48;2;88;1;140m▄\e[48;2;88;1;140m   \e[38;2;86;0;138;48;2;88;1;140m▄\e[38;2;0;0;0;48;2;88;1;140m▄▄▄\e[38;2;0;0;0;48;2;8;0;13m▄\e[48;2;0;0;0m      \e[38;2;0;0;0;48;2;88;1;140m▄\e[48;2;88;1;140m \e[38;2;88;1;140;48;2;254;253;254m▄\e[38;2;88;1;140;48;2;255;255;255m▄\e[48;2;255;255;255m  \e[38;2;88;1;140;48;2;255;255;255m▄\e[38;2;88;1;140;48;2;254;253;254m▄\e[38;2;51;51;51;48;2;88;1;140m▄▄\e[48;2;51;51;51m \e[38;2;88;1;140;48;2;51;51;51m▄\e[48;2;88;1;140m         \e[38;2;88;1;140;48;2;102;102;102m▄\e[48;2;88;1;140m  \e[38;2;30;0;48;48;2;88;1;140m▄\e[49m    \e[m
\e[49m    \e[49;38;2;30;0;48m▀\e[38;2;34;0;55;48;2;88;1;140m▄\e[48;2;88;1;140m  \e[38;2;88;1;140;48;2;85;0;135m▄\e[38;2;88;1;140;48;2;0;0;0m▄\e[48;2;0;0;0m    \e[38;2;21;0;35;48;2;0;0;0m▄\e[38;2;88;1;140;48;2;0;0;0m▄▄▄\e[48;2;88;1;140m        \e[38;2;51;51;51;48;2;88;1;140m▄\e[48;2;51;51;51m   \e[48;2;88;1;140m            \e[38;2;34;0;55;48;2;88;1;140m▄\e[49;38;2;30;0;48m▀\e[49m    \e[m
\e[49m      \e[49;38;2;57;0;92m▀\e[38;2;30;0;48;48;2;88;1;140m▄\e[48;2;88;1;140m                  \e[48;2;51;51;51m   \e[38;2;88;1;140;48;2;51;51;51m▄\e[48;2;88;1;140m          \e[38;2;30;0;48;48;2;88;1;140m▄\e[49;38;2;57;0;92m▀\e[49m      \e[m
\e[49m         \e[49;38;2;30;0;48m▀\e[49;38;2;40;0;64m▀\e[38;2;30;0;48;48;2;88;1;140m▄▄\e[48;2;88;1;140m            \e[38;2;51;51;51;48;2;73;20;104m▄\e[48;2;51;51;51m   \e[48;2;88;1;140m      \e[38;2;30;0;48;48;2;88;1;140m▄▄\e[49;38;2;40;0;64m▀\e[49;38;2;30;0;48m▀\e[49m         \e[m
\e[49m             \e[49;38;2;30;0;48m▀▀\e[38;2;30;0;48;48;2;88;1;140m▄\e[48;2;88;1;140m         \e[48;2;51;51;51m   \e[38;2;88;1;140;48;2;51;50;51m▄\e[48;2;88;1;140m   \e[38;2;30;0;48;48;2;88;1;140m▄\e[49;38;2;30;0;48m▀▀\e[49m             \e[m
\e[49m                 \e[49;38;2;30;0;48m▀\e[38;2;30;0;48;48;2;88;1;140m▄\e[48;2;88;1;140m     \e[38;2;88;1;140;48;2;51;51;51m▄▄\e[48;2;88;1;140m   \e[38;2;30;0;48;48;2;88;1;140m▄\e[49;38;2;30;0;48m▀\e[49m                 \e[m
\e[49m                   \e[49;38;2;30;0;48m▀\e[49;38;2;88;1;140m▀\e[38;2;30;0;48;48;2;88;1;140m▄\e[48;2;88;1;140m    \e[38;2;30;0;48;48;2;88;1;140m▄\e[49;38;2;88;1;140m▀\e[49;38;2;30;0;48m▀\e[49m                   \e[m
\e[49m                                                \e[m
";
}
frame16() {
printf "\e[49m                                                \e[m
\e[49m                   \e[38;2;30;0;48;49m▄\e[38;2;88;1;140;49m▄\e[38;2;88;1;140;48;2;30;0;48m▄\e[48;2;88;1;140m    \e[38;2;88;1;140;48;2;30;0;48m▄\e[38;2;88;1;140;49m▄\e[38;2;30;0;48;49m▄\e[49m                   \e[m
\e[49m                 \e[38;2;30;0;48;49m▄\e[38;2;88;1;140;48;2;30;0;48m▄\e[48;2;88;1;140m          \e[38;2;88;1;140;48;2;30;0;48m▄\e[38;2;30;0;48;49m▄\e[49m                 \e[m
\e[49m             \e[38;2;30;0;48;49m▄▄\e[38;2;88;1;140;48;2;30;0;48m▄\e[38;2;204;204;204;48;2;88;1;140m▄▄\e[48;2;204;204;204m \e[48;2;88;1;140m             \e[38;2;88;1;140;48;2;30;0;48m▄\e[38;2;30;0;48;49m▄▄\e[49m             \e[m
\e[49m         \e[38;2;30;0;48;49m▄\e[38;2;40;0;64;49m▄\e[38;2;88;1;140;48;2;30;0;48m▄▄\e[48;2;88;1;140m  \e[48;2;204;204;204m    \e[48;2;88;1;140m             \e[38;2;153;153;153;48;2;88;1;140m▄\e[38;2;153;153;153;48;2;99;27;142m▄\e[38;2;153;153;153;48;2;88;1;140m▄\e[38;2;90;5;141;48;2;30;0;48m▄\e[38;2;88;1;140;48;2;30;0;48m▄\e[38;2;40;0;64;49m▄\e[38;2;30;0;48;49m▄\e[49m         \e[m
\e[49m      \e[38;2;57;0;92;49m▄\e[38;2;88;1;140;48;2;30;0;48m▄\e[48;2;88;1;140m       \e[48;2;204;204;204m    \e[48;2;88;1;140m         \e[38;2;153;153;153;48;2;88;1;140m▄▄\e[48;2;153;153;153m     \e[38;2;88;1;140;48;2;153;153;153m▄▄\e[48;2;88;1;140m   \e[38;2;88;1;140;48;2;30;0;48m▄\e[38;2;57;0;92;49m▄\e[49m      \e[m
\e[49m    \e[38;2;30;0;48;49m▄\e[38;2;88;1;140;48;2;35;0;55m▄\e[48;2;88;1;140m         \e[48;2;204;204;204m    \e[48;2;88;1;140m      \e[38;2;153;153;153;48;2;88;1;140m▄▄\e[48;2;153;153;153m     \e[38;2;88;1;140;48;2;153;153;153m▄\e[38;2;88;1;140;48;2;128;95;148m▄\e[48;2;88;1;140m        \e[38;2;88;1;140;48;2;35;0;55m▄\e[38;2;30;0;48;49m▄\e[49m    \e[m
\e[49m    \e[38;2;88;1;140;48;2;30;0;48m▄\e[48;2;88;1;140m          \e[48;2;204;204;204m    \e[48;2;88;1;140m  \e[38;2;255;255;255;48;2;88;1;140m▄▄\e[48;2;255;255;255m  \e[38;2;255;255;255;48;2;88;1;140m▄\e[38;2;255;255;255;48;2;98;26;142m▄\e[38;2;88;1;140;48;2;153;153;153m▄▄▄\e[48;2;88;1;140m             \e[38;2;88;1;140;48;2;30;0;48m▄\e[49m    \e[m
\e[49m    \e[48;2;88;1;140m           \e[48;2;204;204;204m \e[38;2;88;1;140;48;2;204;204;204m▄▄\e[38;2;255;255;255;48;2;88;1;140m▄▄\e[48;2;255;255;255m        \e[38;2;255;255;255;48;2;88;1;140m▄▄\e[48;2;88;1;140m              \e[49m    \e[m
\e[49m    \e[48;2;30;0;48m \e[38;2;87;1;139;48;2;88;1;140m▄\e[48;2;88;1;140m         \e[38;2;255;255;255;48;2;88;1;140m▄\e[48;2;255;255;255m     \e[38;2;88;1;140;48;2;255;255;255m▄▄\e[48;2;88;1;140m  \e[38;2;88;1;140;48;2;255;255;255m▄▄\e[48;2;255;255;255m     \e[38;2;255;255;255;48;2;88;1;140m▄\e[38;2;92;32;128;48;2;88;1;140m▄\e[48;2;88;1;140m         \e[48;2;30;0;48m \e[49m    \e[m
\e[49m    \e[48;2;30;0;48m \e[48;2;88;1;140m \e[48;2;255;255;255m \e[38;2;255;255;255;48;2;205;180;221m▄\e[38;2;255;255;255;48;2;88;1;140m▄\e[48;2;88;1;140m      \e[48;2;255;255;255m    \e[38;2;88;1;140;48;2;255;255;255m▄\e[48;2;88;1;140m        \e[38;2;88;1;140;48;2;255;255;255m▄\e[48;2;255;255;255m    \e[38;2;95;55;119;48;2;95;58;118m▄\e[48;2;102;102;102m \e[38;2;102;102;102;48;2;88;1;140m▄▄\e[48;2;88;1;140m      \e[48;2;30;0;48m \e[49m    \e[m
\e[49m    \e[48;2;30;0;48m \e[48;2;88;1;140m \e[48;2;255;255;255m     \e[38;2;255;255;255;48;2;88;1;140m▄▄\e[48;2;88;1;140m  \e[48;2;255;255;255m    \e[48;2;88;1;140m          \e[48;2;255;255;255m    \e[38;2;89;12;135;48;2;94;45;123m▄\e[48;2;102;102;102m     \e[38;2;102;102;102;48;2;88;1;140m▄\e[38;2;89;13;135;48;2;88;1;140m▄\e[48;2;88;1;140m  \e[48;2;30;0;48m \e[49m    \e[m
\e[49m    \e[48;2;30;0;48m \e[48;2;88;1;140m  \e[38;2;88;1;140;48;2;116;45;159m▄\e[38;2;88;1;140;48;2;255;255;255m▄\e[48;2;255;255;255m     \e[38;2;157;107;188;48;2;100;20;148m▄\e[48;2;255;255;255m    \e[48;2;88;1;140m          \e[48;2;255;255;255m    \e[48;2;88;1;140m  \e[38;2;88;1;140;48;2;102;102;102m▄▄\e[48;2;102;102;102m     \e[48;2;88;1;140m \e[48;2;30;0;48m \e[49m    \e[m
\e[49m    \e[48;2;30;0;48m \e[48;2;88;1;140m      \e[38;2;88;1;140;48;2;255;255;255m▄▄\e[48;2;255;255;255m \e[38;2;173;131;198;48;2;170;126;196m▄\e[48;2;255;255;255m    \e[38;2;255;255;255;48;2;88;1;140m▄\e[48;2;88;1;140m        \e[38;2;255;255;255;48;2;88;1;140m▄\e[48;2;255;255;255m    \e[48;2;88;1;140m      \e[38;2;88;1;140;48;2;102;102;102m▄\e[38;2;99;79;110;48;2;102;102;102m▄\e[48;2;102;102;102m \e[48;2;88;1;140m \e[48;2;30;0;48m \e[49m    \e[m
\e[49m    \e[48;2;30;0;48m \e[48;2;88;1;140m         \e[38;2;88;1;140;48;2;137;77;173m▄\e[38;2;88;1;140;48;2;255;255;255m▄\e[48;2;255;255;255m     \e[38;2;255;255;255;48;2;88;1;140m▄▄\e[48;2;88;1;140m  \e[38;2;255;255;255;48;2;88;1;140m▄▄\e[48;2;255;255;255m     \e[38;2;88;1;140;48;2;255;255;255m▄\e[48;2;88;1;140m         \e[38;2;88;1;140;48;2;88;0;140m▄\e[48;2;30;0;48m \e[49m    \e[m
\e[49m    \e[48;2;88;1;140m              \e[38;2;88;1;140;48;2;255;255;255m▄▄\e[48;2;255;255;255m        \e[38;2;88;1;140;48;2;255;255;255m▄▄\e[38;2;51;51;51;48;2;88;1;140m▄▄\e[48;2;51;51;51m \e[48;2;88;1;140m           \e[49m    \e[m
\e[49m    \e[38;2;30;0;48;48;2;88;1;140m▄\e[48;2;88;1;140m             \e[38;2;0;0;0;48;2;88;1;140m▄▄▄\e[38;2;80;0;127;48;2;254;254;254m▄\e[38;2;88;1;140;48;2;255;255;255m▄\e[48;2;255;255;255m  \e[38;2;88;1;140;48;2;255;255;255m▄\e[38;2;88;1;140;48;2;254;254;254m▄\e[48;2;88;1;140m  \e[48;2;51;51;51m    \e[48;2;88;1;140m          \e[38;2;30;0;48;48;2;88;1;140m▄\e[49m    \e[m
\e[49m    \e[49;38;2;30;0;48m▀\e[38;2;35;0;55;48;2;88;1;140m▄\e[48;2;88;1;140m        \e[38;2;42;0;67;48;2;88;1;140m▄\e[38;2;0;0;0;48;2;88;1;140m▄\e[48;2;0;0;0m     \e[38;2;87;1;139;48;2;0;0;0m▄\e[38;2;88;1;140;48;2;0;0;0m▄\e[48;2;88;1;140m      \e[48;2;51;51;51m    \e[48;2;88;1;140m         \e[38;2;35;0;55;48;2;88;1;140m▄\e[49;38;2;30;0;48m▀\e[49m    \e[m
\e[49m      \e[49;38;2;57;0;92m▀\e[38;2;30;0;48;48;2;88;1;140m▄\e[48;2;88;1;140m   \e[38;2;0;0;0;48;2;88;1;140m▄▄\e[48;2;0;0;0m     \e[38;2;88;1;140;48;2;0;0;0m▄▄\e[48;2;88;1;140m         \e[48;2;51;51;51m    \e[48;2;88;1;140m       \e[38;2;30;0;48;48;2;88;1;140m▄\e[49;38;2;57;0;92m▀\e[49m      \e[m
\e[49m         \e[49;38;2;30;0;48m▀\e[49;38;2;40;0;64m▀\e[38;2;30;0;48;48;2;88;1;140m▄\e[38;2;30;0;48;48;2;82;0;130m▄\e[38;2;88;1;140;48;2;0;0;0m▄\e[38;2;63;0;101;48;2;0;0;0m▄\e[38;2;88;1;140;48;2;0;0;0m▄\e[48;2;88;1;140m             \e[48;2;51;51;51m    \e[48;2;88;1;140m  \e[38;2;30;0;48;48;2;88;1;140m▄▄\e[49;38;2;40;0;64m▀\e[49;38;2;30;0;48m▀\e[49m         \e[m
\e[49m             \e[49;38;2;30;0;48m▀▀\e[38;2;30;0;48;48;2;88;1;140m▄\e[48;2;88;1;140m             \e[48;2;51;51;51m \e[38;2;88;1;140;48;2;51;51;51m▄▄\e[38;2;30;0;48;48;2;88;1;140m▄\e[49;38;2;30;0;48m▀▀\e[49m             \e[m
\e[49m                 \e[49;38;2;30;0;48m▀\e[38;2;30;0;48;48;2;88;1;140m▄\e[48;2;88;1;140m          \e[38;2;30;0;48;48;2;88;1;140m▄\e[49;38;2;30;0;48m▀\e[49m                 \e[m
\e[49m                   \e[49;38;2;30;0;48m▀\e[49;38;2;88;1;140m▀\e[38;2;30;0;48;48;2;88;1;140m▄\e[48;2;88;1;140m    \e[38;2;30;0;48;48;2;88;1;140m▄\e[49;38;2;88;1;140m▀\e[49;38;2;30;0;48m▀\e[49m                   \e[m
\e[49m                                                \e[m
";
}
frame17() {
printf "\e[49m                                                \e[m
\e[49m                   \e[38;2;30;0;48;49m▄\e[38;2;88;1;140;49m▄\e[38;2;88;1;140;48;2;30;0;48m▄\e[48;2;88;1;140m    \e[38;2;88;1;140;48;2;30;0;48m▄\e[38;2;88;1;140;49m▄\e[38;2;30;0;48;49m▄\e[49m                   \e[m
\e[49m                 \e[38;2;30;0;48;49m▄\e[38;2;88;1;140;48;2;30;0;48m▄\e[48;2;88;1;140m          \e[38;2;88;1;140;48;2;30;0;48m▄\e[38;2;30;0;48;49m▄\e[49m                 \e[m
\e[49m             \e[38;2;30;0;48;49m▄▄\e[38;2;88;1;140;48;2;30;0;48m▄\e[48;2;88;1;140m            \e[38;2;153;153;153;48;2;88;1;140m▄▄▄▄\e[38;2;153;153;153;48;2;30;0;48m▄\e[38;2;30;0;48;49m▄▄\e[49m             \e[m
\e[49m         \e[38;2;30;0;48;49m▄\e[38;2;40;0;64;49m▄\e[38;2;88;1;140;48;2;30;0;48m▄▄\e[38;2;204;204;204;48;2;89;3;140m▄\e[38;2;204;204;204;48;2;90;5;141m▄\e[48;2;88;1;140m           \e[38;2;153;153;153;48;2;88;1;140m▄\e[48;2;153;153;153m    \e[38;2;88;1;140;48;2;153;153;153m▄\e[48;2;88;1;140m   \e[38;2;88;1;140;48;2;30;0;48m▄▄\e[38;2;40;0;64;49m▄\e[38;2;30;0;48;49m▄\e[49m         \e[m
\e[49m      \e[38;2;57;0;92;49m▄\e[38;2;88;1;140;48;2;30;0;48m▄\e[48;2;88;1;140m    \e[48;2;204;204;204m   \e[48;2;88;1;140m         \e[38;2;153;153;153;48;2;88;1;140m▄\e[48;2;153;153;153m    \e[38;2;88;1;140;48;2;153;153;153m▄\e[48;2;88;1;140m          \e[38;2;88;1;140;48;2;30;0;48m▄\e[38;2;57;0;92;49m▄\e[49m      \e[m
\e[49m    \e[38;2;30;0;48;49m▄\e[38;2;88;1;140;48;2;34;0;55m▄\e[48;2;88;1;140m      \e[48;2;204;204;204m   \e[38;2;204;204;204;48;2;193;184;197m▄\e[48;2;88;1;140m      \e[38;2;153;153;153;48;2;88;1;140m▄\e[48;2;153;153;153m    \e[38;2;88;1;140;48;2;153;153;153m▄\e[48;2;88;1;140m              \e[38;2;88;1;140;48;2;34;0;55m▄\e[38;2;30;0;48;49m▄\e[49m    \e[m
\e[49m    \e[38;2;88;1;140;48;2;30;0;48m▄\e[48;2;88;1;140m       \e[38;2;88;1;140;48;2;169;144;185m▄\e[48;2;204;204;204m   \e[48;2;88;1;140m     \e[38;2;255;255;255;48;2;88;1;140m▄▄\e[48;2;255;255;255m  \e[38;2;255;255;255;48;2;153;153;153m▄\e[38;2;255;255;255;48;2;88;1;140m▄\e[48;2;88;1;140m                \e[38;2;88;1;140;48;2;30;0;48m▄\e[49m    \e[m
\e[49m    \e[48;2;88;1;140m         \e[48;2;204;204;204m    \e[48;2;88;1;140m \e[38;2;255;255;255;48;2;88;1;140m▄▄\e[48;2;255;255;255m        \e[38;2;255;255;255;48;2;88;1;140m▄▄\e[48;2;88;1;140m  \e[38;2;102;102;102;48;2;88;1;140m▄\e[48;2;88;1;140m           \e[49m    \e[m
\e[49m    \e[48;2;30;0;48m \e[48;2;88;1;140m         \e[48;2;204;204;204m \e[38;2;255;255;255;48;2;204;204;204m▄\e[48;2;255;255;255m     \e[38;2;88;1;140;48;2;255;255;255m▄▄\e[48;2;88;1;140m  \e[38;2;88;1;140;48;2;255;255;255m▄▄\e[48;2;255;255;255m     \e[38;2;255;255;255;48;2;102;102;102m▄\e[48;2;102;102;102m    \e[38;2;102;102;102;48;2;88;1;140m▄▄▄\e[38;2;101;100;102;48;2;88;1;140m▄\e[48;2;88;1;140m  \e[48;2;30;0;48m \e[49m    \e[m
\e[49m    \e[48;2;30;0;48m \e[48;2;88;1;140m          \e[48;2;255;255;255m    \e[38;2;88;1;140;48;2;255;255;255m▄\e[48;2;88;1;140m        \e[38;2;88;1;140;48;2;255;255;255m▄\e[48;2;255;255;255m    \e[38;2;88;1;140;48;2;102;102;102m▄▄\e[48;2;102;102;102m       \e[48;2;88;1;140m \e[48;2;30;0;48m \e[49m    \e[m
\e[49m    \e[48;2;30;0;48m \e[48;2;88;1;140m          \e[48;2;255;255;255m    \e[48;2;88;1;140m          \e[48;2;255;255;255m    \e[48;2;88;1;140m     \e[38;2;88;1;140;48;2;95;52;120m▄\e[38;2;88;1;140;48;2;102;102;102m▄▄▄\e[48;2;102;102;102m \e[48;2;30;0;48m \e[49m    \e[m
\e[49m    \e[48;2;30;0;48m \e[48;2;255;255;255m \e[38;2;255;255;255;48;2;88;1;140m▄▄▄\e[38;2;149;94;182;48;2;88;1;140m▄\e[48;2;88;1;140m     \e[48;2;255;255;255m    \e[48;2;88;1;140m          \e[48;2;255;255;255m    \e[48;2;88;1;140m          \e[48;2;30;0;48m \e[49m    \e[m
\e[49m    \e[48;2;30;0;48m \e[48;2;88;1;140m \e[48;2;255;255;255m       \e[38;2;255;255;255;48;2;88;1;140m▄▄\e[48;2;255;255;255m    \e[38;2;255;255;255;48;2;88;1;140m▄\e[48;2;88;1;140m        \e[38;2;255;255;255;48;2;88;1;140m▄\e[48;2;255;255;255m    \e[48;2;88;1;140m          \e[48;2;30;0;48m \e[49m    \e[m
\e[49m    \e[48;2;30;0;48m \e[48;2;88;1;140m  \e[38;2;88;1;140;48;2;254;253;254m▄\e[38;2;88;1;140;48;2;255;255;255m▄▄▄\e[48;2;255;255;255m          \e[38;2;255;255;255;48;2;88;1;140m▄▄\e[48;2;88;1;140m  \e[38;2;255;255;255;48;2;88;1;140m▄▄\e[48;2;255;255;255m     \e[38;2;51;51;51;48;2;255;255;255m▄\e[48;2;51;51;51m \e[48;2;88;1;140m         \e[48;2;30;0;48m \e[49m    \e[m
\e[49m    \e[48;2;88;1;140m           \e[38;2;88;1;140;48;2;255;255;255m▄\e[48;2;88;1;140m  \e[38;2;88;1;140;48;2;255;255;255m▄▄\e[48;2;255;255;255m        \e[38;2;88;1;140;48;2;255;255;255m▄▄\e[48;2;88;1;140m \e[48;2;51;51;51m    \e[48;2;88;1;140m         \e[49m    \e[m
\e[49m    \e[38;2;30;0;48;48;2;88;1;140m▄\e[48;2;88;1;140m                \e[38;2;88;1;140;48;2;254;254;254m▄\e[38;2;0;0;0;48;2;255;255;255m▄\e[48;2;255;255;255m  \e[38;2;88;1;140;48;2;255;255;255m▄\e[38;2;88;1;140;48;2;254;254;254m▄\e[48;2;88;1;140m     \e[48;2;51;51;51m   \e[38;2;62;35;78;48;2;88;1;140m▄\e[48;2;88;1;140m       \e[38;2;30;0;48;48;2;88;1;140m▄\e[49m    \e[m
\e[49m    \e[49;38;2;30;0;48m▀\e[38;2;34;0;55;48;2;88;1;140m▄\e[48;2;88;1;140m              \e[38;2;0;0;0;48;2;88;1;140m▄\e[48;2;0;0;0m    \e[38;2;88;1;140;48;2;0;0;0m▄\e[48;2;88;1;140m      \e[38;2;54;46;59;48;2;51;51;51m▄\e[48;2;51;51;51m   \e[48;2;88;1;140m      \e[38;2;34;0;55;48;2;88;1;140m▄\e[49;38;2;30;0;48m▀\e[49m    \e[m
\e[49m      \e[49;38;2;57;0;92m▀\e[38;2;30;0;48;48;2;88;1;140m▄\e[48;2;88;1;140m          \e[38;2;0;0;0;48;2;88;1;140m▄\e[48;2;0;0;0m    \e[38;2;88;1;140;48;2;0;0;0m▄\e[48;2;88;1;140m         \e[48;2;51;51;51m   \e[48;2;88;1;140m    \e[38;2;30;0;48;48;2;88;1;140m▄\e[49;38;2;57;0;92m▀\e[49m      \e[m
\e[49m         \e[49;38;2;30;0;48m▀\e[49;38;2;40;0;64m▀\e[38;2;30;0;48;48;2;88;1;140m▄▄\e[48;2;88;1;140m   \e[38;2;0;0;0;48;2;88;1;140m▄\e[48;2;0;0;0m    \e[38;2;88;1;140;48;2;0;0;0m▄\e[48;2;88;1;140m           \e[38;2;87;2;137;48;2;51;51;51m▄\e[38;2;86;2;136;48;2;51;51;51m▄\e[38;2;30;0;48;48;2;88;1;140m▄▄\e[49;38;2;40;0;64m▀\e[49;38;2;30;0;48m▀\e[49m         \e[m
\e[49m             \e[49;38;2;30;0;48m▀▀\e[38;2;30;0;48;48;2;0;0;0m▄\e[38;2;88;1;140;48;2;0;0;0m▄▄▄▄\e[48;2;88;1;140m            \e[38;2;30;0;48;48;2;88;1;140m▄\e[49;38;2;30;0;48m▀▀\e[49m             \e[m
\e[49m                 \e[49;38;2;30;0;48m▀\e[38;2;30;0;48;48;2;88;1;140m▄\e[48;2;88;1;140m          \e[38;2;30;0;48;48;2;88;1;140m▄\e[49;38;2;30;0;48m▀\e[49m                 \e[m
\e[49m                   \e[49;38;2;30;0;48m▀\e[49;38;2;88;1;140m▀\e[38;2;30;0;48;48;2;88;1;140m▄\e[48;2;88;1;140m    \e[38;2;30;0;48;48;2;88;1;140m▄\e[49;38;2;88;1;140m▀\e[49;38;2;30;0;48m▀\e[49m                   \e[m
\e[49m                                                \e[m
";
}
frame18() {
printf "\e[49m                                                \e[m
\e[49m                   \e[38;2;30;0;48;49m▄\e[38;2;88;1;140;49m▄\e[38;2;88;1;140;48;2;30;0;48m▄\e[48;2;88;1;140m    \e[38;2;88;1;140;48;2;30;0;48m▄\e[38;2;88;1;140;49m▄\e[38;2;30;0;48;49m▄\e[49m                   \e[m
\e[49m                 \e[38;2;30;0;48;49m▄\e[38;2;88;1;140;48;2;30;0;48m▄\e[48;2;88;1;140m          \e[38;2;88;1;140;48;2;30;0;48m▄\e[38;2;30;0;48;49m▄\e[49m                 \e[m
\e[49m             \e[38;2;30;0;48;49m▄\e[38;2;30;0;49;49m▄\e[38;2;88;1;140;48;2;30;0;48m▄\e[48;2;88;1;140m       \e[38;2;95;16;142;48;2;88;1;140m▄\e[48;2;153;153;153m   \e[38;2;139;120;150;48;2;153;153;153m▄\e[48;2;88;1;140m    \e[38;2;88;1;140;48;2;30;0;48m▄\e[38;2;30;0;49;49m▄\e[38;2;30;0;48;49m▄\e[49m             \e[m
\e[49m         \e[38;2;30;0;48;49m▄\e[38;2;40;0;64;49m▄\e[38;2;88;1;140;48;2;30;0;48m▄▄\e[48;2;88;1;140m         \e[38;2;153;153;153;48;2;88;1;140m▄\e[48;2;153;153;153m   \e[38;2;88;1;140;48;2;153;153;153m▄\e[48;2;88;1;140m        \e[38;2;88;1;140;48;2;30;0;48m▄▄\e[38;2;40;0;64;49m▄\e[38;2;30;0;48;49m▄\e[49m         \e[m
\e[49m      \e[38;2;57;0;91;49m▄\e[38;2;88;1;140;48;2;30;0;48m▄\e[48;2;88;1;140m  \e[38;2;204;204;204;48;2;88;1;140m▄\e[48;2;88;1;140m          \e[38;2;153;153;153;48;2;88;1;140m▄\e[48;2;153;153;153m   \e[38;2;88;1;140;48;2;153;153;153m▄\e[48;2;88;1;140m              \e[38;2;88;1;140;48;2;30;0;48m▄\e[38;2;57;0;91;49m▄\e[49m      \e[m
\e[49m    \e[38;2;30;0;48;49m▄\e[38;2;88;1;140;48;2;34;0;54m▄\e[48;2;88;1;140m   \e[38;2;204;204;204;48;2;90;5;141m▄\e[48;2;204;204;204m \e[38;2;204;204;204;48;2;88;1;140m▄\e[48;2;88;1;140m        \e[38;2;153;153;153;48;2;88;1;140m▄\e[48;2;153;153;153m   \e[38;2;88;1;140;48;2;153;153;153m▄\e[48;2;88;1;140m                 \e[38;2;88;1;140;48;2;34;0;54m▄\e[38;2;30;0;48;49m▄\e[49m    \e[m
\e[49m    \e[38;2;88;1;140;48;2;30;0;48m▄\e[48;2;88;1;140m   \e[38;2;88;1;140;48;2;111;42;153m▄\e[48;2;204;204;204m   \e[38;2;204;204;204;48;2;149;108;173m▄\e[48;2;88;1;140m      \e[38;2;88;1;140;48;2;112;55;145m▄\e[38;2;88;1;140;48;2;126;89;147m▄\e[38;2;255;255;255;48;2;125;88;147m▄\e[38;2;255;255;255;48;2;121;78;147m▄\e[38;2;255;255;255;48;2;243;242;244m▄\e[48;2;255;255;255m \e[38;2;255;255;255;48;2;88;1;140m▄▄\e[48;2;88;1;140m   \e[38;2;102;102;102;48;2;88;1;140m▄▄▄▄▄▄▄▄▄▄\e[48;2;88;1;140m   \e[38;2;88;1;140;48;2;30;0;48m▄\e[49m    \e[m
\e[49m    \e[48;2;88;1;140m      \e[48;2;204;204;204m    \e[48;2;88;1;140m    \e[38;2;255;255;255;48;2;88;1;140m▄▄\e[48;2;255;255;255m        \e[38;2;255;255;255;48;2;88;1;140m▄▄\e[48;2;88;1;140m \e[48;2;102;102;102m          \e[48;2;88;1;140m   \e[49m    \e[m
\e[49m    \e[48;2;30;0;48m \e[48;2;88;1;140m      \e[48;2;204;204;204m    \e[38;2;255;255;255;48;2;88;1;140m▄\e[48;2;255;255;255m     \e[38;2;88;1;140;48;2;255;255;255m▄▄\e[48;2;88;1;140m  \e[38;2;88;1;140;48;2;255;255;255m▄▄\e[48;2;255;255;255m     \e[38;2;255;255;255;48;2;102;102;102m▄\e[38;2;88;1;140;48;2;102;102;102m▄▄▄▄▄▄▄▄▄\e[48;2;88;1;140m \e[48;2;30;0;48m \e[49m    \e[m
\e[49m    \e[48;2;30;0;48m \e[48;2;88;1;140m       \e[38;2;88;2;140;48;2;204;204;204m▄\e[48;2;204;204;204m \e[38;2;105;31;150;48;2;204;204;204m▄\e[48;2;255;255;255m    \e[38;2;88;1;140;48;2;255;255;255m▄\e[48;2;88;1;140m        \e[38;2;88;1;140;48;2;255;255;255m▄\e[48;2;255;255;255m    \e[48;2;88;1;140m          \e[48;2;30;0;48m \e[49m    \e[m
\e[49m    \e[48;2;30;0;48m \e[48;2;88;1;140m        \e[38;2;88;1;140;48;2;204;204;204m▄\e[48;2;88;1;140m \e[48;2;255;255;255m    \e[48;2;88;1;140m          \e[48;2;255;255;255m    \e[48;2;88;1;140m          \e[48;2;30;0;48m \e[49m    \e[m
\e[49m    \e[48;2;30;0;48m \e[48;2;88;1;140m          \e[48;2;255;255;255m    \e[48;2;88;1;140m          \e[48;2;255;255;255m    \e[48;2;88;1;140m \e[38;2;51;51;51;48;2;88;1;140m▄\e[48;2;88;1;140m        \e[48;2;30;0;48m \e[49m    \e[m
\e[49m    \e[48;2;30;0;48m \e[48;2;88;1;140m          \e[48;2;255;255;255m    \e[38;2;255;255;255;48;2;88;1;140m▄\e[48;2;88;1;140m        \e[38;2;255;255;255;48;2;88;1;140m▄\e[48;2;255;255;255m    \e[38;2;51;51;51;48;2;85;5;132m▄\e[48;2;51;51;51m \e[38;2;51;51;51;48;2;87;1;140m▄\e[48;2;88;1;140m       \e[48;2;30;0;48m \e[49m    \e[m
\e[49m    \e[48;2;30;0;48m \e[48;2;88;1;140m \e[38;2;255;255;255;48;2;88;1;140m▄▄▄▄▄▄▄▄▄\e[48;2;255;255;255m      \e[38;2;255;255;255;48;2;88;1;140m▄▄\e[48;2;88;1;140m  \e[38;2;255;255;255;48;2;88;1;140m▄▄\e[48;2;255;255;255m     \e[38;2;88;1;140;48;2;255;255;255m▄\e[48;2;51;51;51m    \e[48;2;88;1;140m      \e[48;2;30;0;48m \e[49m    \e[m
\e[49m    \e[48;2;88;1;140m   \e[48;2;255;255;255m          \e[48;2;88;1;140m \e[38;2;88;1;140;48;2;255;255;255m▄▄\e[48;2;255;255;255m        \e[38;2;88;1;140;48;2;255;255;255m▄▄\e[48;2;88;1;140m    \e[48;2;51;51;51m    \e[48;2;88;1;140m      \e[49m    \e[m
\e[49m    \e[38;2;30;0;48;48;2;88;1;140m▄\e[48;2;88;1;140m   \e[38;2;88;1;140;48;2;255;255;255m▄▄▄▄▄▄▄▄▄▄\e[48;2;88;1;140m   \e[38;2;88;1;140;48;2;254;253;254m▄\e[38;2;88;1;140;48;2;255;255;255m▄\e[48;2;255;255;255m \e[38;2;237;234;239;48;2;255;255;255m▄\e[38;2;58;0;93;48;2;255;255;255m▄\e[38;2;53;0;85;48;2;254;253;254m▄\e[38;2;51;0;82;48;2;88;1;140m▄\e[38;2;62;0;99;48;2;88;1;140m▄\e[48;2;88;1;140m      \e[38;2;66;29;88;48;2;51;51;51m▄\e[48;2;51;51;51m   \e[38;2;78;12;118;48;2;88;1;140m▄\e[48;2;88;1;140m   \e[38;2;30;0;48;48;2;88;1;140m▄\e[49m    \e[m
\e[49m    \e[49;38;2;30;0;48m▀\e[38;2;34;0;54;48;2;88;1;140m▄\e[48;2;88;1;140m                 \e[38;2;0;0;0;48;2;88;1;140m▄\e[48;2;0;0;0m   \e[38;2;88;1;140;48;2;0;0;0m▄\e[48;2;88;1;140m        \e[38;2;88;1;140;48;2;51;51;51m▄\e[48;2;51;51;51m \e[38;2;85;3;134;48;2;51;51;51m▄\e[48;2;88;1;140m   \e[38;2;34;0;54;48;2;88;1;140m▄\e[49;38;2;30;0;48m▀\e[49m    \e[m
\e[49m      \e[49;38;2;57;0;91m▀\e[38;2;30;0;48;48;2;88;1;140m▄\e[48;2;88;1;140m              \e[38;2;0;0;0;48;2;88;1;140m▄\e[48;2;0;0;0m   \e[38;2;88;1;140;48;2;0;0;0m▄\e[48;2;88;1;140m          \e[38;2;88;1;140;48;2;51;51;51m▄\e[48;2;88;1;140m  \e[38;2;30;0;48;48;2;88;1;140m▄\e[49;38;2;57;0;91m▀\e[49m      \e[m
\e[49m         \e[49;38;2;30;0;48m▀\e[49;38;2;40;0;64m▀\e[38;2;30;0;48;48;2;88;1;140m▄▄\e[48;2;88;1;140m        \e[38;2;0;0;0;48;2;88;1;140m▄\e[48;2;0;0;0m   \e[38;2;88;1;140;48;2;0;0;0m▄\e[48;2;88;1;140m         \e[38;2;30;0;48;48;2;88;1;140m▄▄\e[49;38;2;40;0;64m▀\e[49;38;2;30;0;48m▀\e[49m         \e[m
\e[49m             \e[49;38;2;30;0;48m▀\e[49;38;2;30;0;49m▀\e[38;2;30;0;48;48;2;88;1;140m▄\e[48;2;88;1;140m    \e[38;2;0;0;0;48;2;26;0;41m▄\e[48;2;0;0;0m   \e[38;2;88;1;140;48;2;72;0;115m▄\e[48;2;88;1;140m       \e[38;2;30;0;48;48;2;88;1;140m▄\e[49;38;2;30;0;49m▀\e[49;38;2;30;0;48m▀\e[49m             \e[m
\e[49m                 \e[49;38;2;30;0;48m▀\e[38;2;30;0;48;48;2;88;1;140m▄\e[38;2;88;1;140;48;2;87;1;139m▄\e[48;2;88;1;140m         \e[38;2;30;0;48;48;2;88;1;140m▄\e[49;38;2;30;0;48m▀\e[49m                 \e[m
\e[49m                   \e[49;38;2;30;0;48m▀\e[49;38;2;88;1;140m▀\e[38;2;30;0;48;48;2;88;1;140m▄\e[48;2;88;1;140m    \e[38;2;30;0;48;48;2;88;1;140m▄\e[49;38;2;88;1;140m▀\e[49;38;2;30;0;48m▀\e[49m                   \e[m
\e[49m                                                \e[m
";
}
frame19() {
printf "\e[49m                                                \e[m
\e[49m                   \e[38;2;30;0;48;49m▄\e[38;2;88;1;140;49m▄\e[38;2;88;1;140;48;2;30;0;48m▄\e[48;2;88;1;140m    \e[38;2;88;1;140;48;2;30;0;48m▄\e[38;2;88;1;140;49m▄\e[38;2;30;0;48;49m▄\e[49m                   \e[m
\e[49m                 \e[38;2;30;0;48;49m▄\e[38;2;88;1;140;48;2;30;0;48m▄\e[48;2;88;1;140m   \e[38;2;152;152;153;48;2;88;1;140m▄\e[38;2;153;153;153;48;2;88;1;140m▄\e[48;2;88;1;140m     \e[38;2;88;1;140;48;2;30;0;48m▄\e[38;2;30;0;48;49m▄\e[49m                 \e[m
\e[49m             \e[38;2;30;0;48;49m▄\e[38;2;30;0;49;49m▄\e[38;2;88;1;140;48;2;30;0;48m▄\e[48;2;88;1;140m   \e[38;2;152;150;152;48;2;88;1;140m▄\e[48;2;153;153;153m   \e[48;2;88;1;140m         \e[38;2;88;1;140;48;2;30;0;48m▄\e[38;2;30;0;49;49m▄\e[38;2;30;0;48;49m▄\e[49m             \e[m
\e[49m         \e[38;2;30;0;48;49m▄\e[38;2;40;0;65;49m▄\e[38;2;88;1;140;48;2;30;0;48m▄▄\e[48;2;88;1;140m      \e[48;2;153;153;153m   \e[38;2;116;66;145;48;2;153;153;153m▄\e[48;2;88;1;140m            \e[38;2;88;1;140;48;2;30;0;48m▄▄\e[38;2;39;0;63;49m▄\e[38;2;30;0;48;49m▄\e[49m         \e[m
\e[49m      \e[38;2;57;0;91;49m▄\e[38;2;88;1;140;48;2;30;0;48m▄\e[48;2;88;1;140m          \e[38;2;153;153;153;48;2;88;1;140m▄\e[48;2;153;153;153m   \e[48;2;88;1;140m                  \e[38;2;88;1;140;48;2;30;0;48m▄\e[38;2;57;0;91;49m▄\e[49m      \e[m
\e[49m    \e[38;2;30;0;48;49m▄\e[38;2;88;1;140;48;2;34;0;55m▄\e[48;2;88;1;140m            \e[48;2;153;153;153m   \e[38;2;88;1;140;48;2;153;153;153m▄\e[48;2;88;1;140m        \e[38;2;102;102;102;48;2;88;1;140m▄▄▄\e[38;2;102;102;102;48;2;96;63;116m▄\e[48;2;102;102;102m    \e[38;2;102;102;102;48;2;88;1;140m▄\e[38;2;88;2;139;48;2;88;1;140m▄\e[48;2;88;1;140m  \e[38;2;88;1;140;48;2;34;0;55m▄\e[38;2;30;0;48;49m▄\e[49m    \e[m
\e[49m    \e[38;2;88;1;140;48;2;30;0;48m▄\e[48;2;88;1;140m  \e[38;2;204;204;204;48;2;88;1;140m▄\e[48;2;88;1;140m         \e[38;2;153;153;153;48;2;88;1;140m▄\e[48;2;153;153;153m \e[38;2;88;1;140;48;2;153;153;153m▄▄\e[38;2;255;255;255;48;2;88;1;140m▄▄\e[48;2;255;255;255m  \e[38;2;255;255;255;48;2;88;1;140m▄▄\e[48;2;88;1;140m \e[38;2;88;1;140;48;2;102;102;102m▄\e[48;2;102;102;102m      \e[38;2;101;96;104;48;2;102;102;102m▄\e[38;2;88;1;140;48;2;102;102;102m▄▄▄\e[38;2;88;1;140;48;2;88;4;138m▄\e[48;2;88;1;140m   \e[38;2;88;1;140;48;2;30;0;48m▄\e[49m    \e[m
\e[49m    \e[48;2;88;1;140m   \e[48;2;204;204;204m  \e[38;2;204;204;204;48;2;88;1;140m▄\e[48;2;88;1;140m        \e[38;2;255;255;255;48;2;88;1;140m▄▄\e[48;2;255;255;255m        \e[38;2;255;255;255;48;2;88;1;140m▄▄\e[38;2;88;1;140;48;2;102;102;102m▄▄\e[48;2;88;1;140m            \e[49m    \e[m
\e[49m    \e[48;2;30;0;48m \e[48;2;88;1;140m  \e[48;2;204;204;204m    \e[38;2;204;204;204;48;2;88;1;140m▄\e[48;2;88;1;140m   \e[38;2;255;255;255;48;2;88;1;140m▄\e[48;2;255;255;255m     \e[38;2;88;1;140;48;2;255;255;255m▄▄\e[48;2;88;1;140m  \e[38;2;88;1;140;48;2;255;255;255m▄▄\e[48;2;255;255;255m     \e[38;2;255;255;255;48;2;88;1;140m▄\e[48;2;88;1;140m          \e[48;2;30;0;48m \e[49m    \e[m
\e[49m    \e[48;2;30;0;48m \e[48;2;88;1;140m   \e[38;2;88;1;140;48;2;204;204;204m▄\e[48;2;204;204;204m    \e[38;2;204;204;204;48;2;88;1;140m▄\e[48;2;88;1;140m \e[48;2;255;255;255m    \e[38;2;88;1;140;48;2;255;255;255m▄\e[48;2;88;1;140m        \e[38;2;88;1;140;48;2;255;255;255m▄\e[48;2;255;255;255m    \e[48;2;88;1;140m          \e[48;2;30;0;48m \e[49m    \e[m
\e[49m    \e[48;2;30;0;48m \e[48;2;88;1;140m     \e[38;2;88;1;140;48;2;204;204;204m▄\e[48;2;204;204;204m   \e[38;2;88;1;140;48;2;204;204;204m▄\e[48;2;255;255;255m    \e[48;2;88;1;140m          \e[48;2;255;255;255m    \e[48;2;88;1;140m \e[48;2;51;51;51m \e[38;2;51;51;51;48;2;88;1;140m▄\e[48;2;88;1;140m       \e[48;2;30;0;48m \e[49m    \e[m
\e[49m    \e[48;2;30;0;48m \e[48;2;88;1;140m       \e[38;2;88;1;140;48;2;204;204;204m▄\e[48;2;204;204;204m \e[48;2;88;1;140m \e[48;2;255;255;255m    \e[48;2;88;1;140m          \e[48;2;255;255;255m    \e[38;2;51;51;51;48;2;88;1;140m▄\e[48;2;51;51;51m   \e[38;2;51;51;51;48;2;88;1;140m▄\e[48;2;88;1;140m     \e[48;2;30;0;48m \e[49m    \e[m
\e[49m    \e[48;2;30;0;48m \e[48;2;88;1;140m          \e[48;2;255;255;255m    \e[38;2;255;255;255;48;2;88;1;140m▄\e[48;2;88;1;140m        \e[38;2;255;255;255;48;2;88;1;140m▄\e[48;2;255;255;255m    \e[48;2;88;1;140m \e[38;2;88;1;140;48;2;51;51;51m▄\e[48;2;51;51;51m    \e[38;2;51;51;51;48;2;88;1;140m▄\e[48;2;88;1;140m   \e[48;2;30;0;48m \e[49m    \e[m
\e[49m    \e[48;2;30;0;48m \e[48;2;88;1;140m          \e[38;2;88;1;140;48;2;255;255;255m▄\e[48;2;255;255;255m     \e[38;2;255;255;255;48;2;88;1;140m▄▄\e[48;2;88;1;140m  \e[38;2;255;255;255;48;2;88;1;140m▄▄\e[48;2;255;255;255m     \e[38;2;88;1;140;48;2;255;255;255m▄\e[48;2;88;1;140m   \e[38;2;88;1;140;48;2;51;51;51m▄\e[48;2;51;51;51m    \e[48;2;88;1;140m  \e[48;2;30;0;48m \e[49m    \e[m
\e[49m    \e[48;2;88;1;140m            \e[38;2;255;255;255;48;2;88;1;140m▄▄\e[38;2;88;1;140;48;2;255;255;255m▄▄\e[48;2;255;255;255m        \e[38;2;88;1;140;48;2;255;255;255m▄▄\e[48;2;88;1;140m        \e[38;2;88;1;140;48;2;51;51;51m▄\e[48;2;51;51;51m  \e[48;2;88;1;140m   \e[49m    \e[m
\e[49m    \e[38;2;30;0;48;48;2;88;1;140m▄\e[48;2;88;1;140m   \e[38;2;89;3;140;48;2;88;1;140m▄\e[38;2;255;255;255;48;2;88;1;140m▄▄▄\e[38;2;255;255;255;48;2;234;223;240m▄\e[48;2;255;255;255m      \e[38;2;255;255;255;48;2;88;1;140m▄\e[48;2;88;1;140m \e[38;2;88;1;140;48;2;254;253;254m▄\e[38;2;88;1;140;48;2;255;255;255m▄\e[48;2;255;255;255m  \e[38;2;88;1;140;48;2;255;255;255m▄\e[38;2;88;1;140;48;2;254;253;254m▄\e[38;2;0;0;0;48;2;88;1;140m▄▄\e[48;2;0;0;0m \e[38;2;88;1;140;48;2;0;0;0m▄\e[48;2;88;1;140m         \e[38;2;88;1;140;48;2;51;51;51m▄\e[48;2;88;1;140m  \e[38;2;30;0;48;48;2;88;1;140m▄\e[49m    \e[m
\e[49m    \e[49;38;2;30;0;48m▀\e[38;2;34;0;55;48;2;88;1;140m▄\e[48;2;88;1;140m  \e[38;2;88;1;140;48;2;93;8;143m▄\e[38;2;88;1;140;48;2;255;255;255m▄\e[48;2;255;255;255m    \e[38;2;212;190;226;48;2;255;255;255m▄\e[38;2;88;1;140;48;2;255;255;255m▄▄▄\e[48;2;88;1;140m        \e[38;2;0;0;0;48;2;88;1;140m▄\e[48;2;0;0;0m   \e[48;2;88;1;140m            \e[38;2;34;0;55;48;2;88;1;140m▄\e[49;38;2;30;0;48m▀\e[49m    \e[m
\e[49m      \e[49;38;2;57;0;91m▀\e[38;2;30;0;48;48;2;88;1;140m▄\e[48;2;88;1;140m                  \e[48;2;0;0;0m   \e[38;2;88;1;140;48;2;0;0;0m▄\e[48;2;88;1;140m          \e[38;2;30;0;48;48;2;88;1;140m▄\e[49;38;2;57;0;91m▀\e[49m      \e[m
\e[49m         \e[49;38;2;30;0;48m▀\e[49;38;2;39;0;63m▀\e[38;2;30;0;48;48;2;88;1;140m▄▄\e[48;2;88;1;140m            \e[38;2;0;0;0;48;2;55;0;89m▄\e[48;2;0;0;0m   \e[48;2;88;1;140m      \e[38;2;30;0;48;48;2;88;1;140m▄▄\e[49;38;2;39;0;63m▀\e[49;38;2;30;0;48m▀\e[49m         \e[m
\e[49m             \e[49;38;2;30;0;48m▀\e[49;38;2;30;0;49m▀\e[38;2;30;0;48;48;2;88;1;140m▄\e[48;2;88;1;140m         \e[48;2;0;0;0m   \e[38;2;88;1;140;48;2;0;0;0m▄\e[48;2;88;1;140m   \e[38;2;30;0;48;48;2;88;1;140m▄\e[49;38;2;30;0;49m▀\e[49;38;2;30;0;48m▀\e[49m             \e[m
\e[49m                 \e[49;38;2;30;0;48m▀\e[38;2;30;0;48;48;2;88;1;140m▄\e[48;2;88;1;140m     \e[38;2;88;1;140;48;2;0;0;0m▄▄\e[48;2;88;1;140m   \e[38;2;30;0;48;48;2;88;1;140m▄\e[49;38;2;30;0;48m▀\e[49m                 \e[m
\e[49m                   \e[49;38;2;30;0;48m▀\e[49;38;2;88;1;140m▀\e[38;2;30;0;48;48;2;88;1;140m▄\e[48;2;88;1;140m    \e[38;2;30;0;48;48;2;88;1;140m▄\e[49;38;2;88;1;140m▀\e[49;38;2;30;0;48m▀\e[49m                   \e[m
\e[49m                                                \e[m
";
}
frame20() {
printf "\e[49m                                                \e[m
\e[49m                   \e[38;2;30;0;48;49m▄\e[38;2;88;1;140;49m▄\e[38;2;88;1;140;48;2;30;0;48m▄\e[48;2;88;1;140m    \e[38;2;88;1;140;48;2;30;0;48m▄\e[38;2;88;1;140;49m▄\e[38;2;30;0;48;49m▄\e[49m                   \e[m
\e[49m                 \e[38;2;30;0;48;49m▄\e[38;2;88;1;140;48;2;30;0;48m▄\e[48;2;88;1;140m          \e[38;2;88;1;140;48;2;30;0;48m▄\e[38;2;30;0;48;49m▄\e[49m                 \e[m
\e[49m             \e[38;2;30;0;48;49m▄\e[38;2;30;0;49;49m▄\e[38;2;88;1;140;48;2;30;0;48m▄\e[38;2;153;153;153;48;2;88;1;140m▄▄\e[48;2;153;153;153m \e[48;2;88;1;140m             \e[38;2;88;1;140;48;2;30;0;48m▄\e[38;2;30;0;49;49m▄\e[38;2;30;0;48;49m▄\e[49m             \e[m
\e[49m         \e[38;2;30;0;48;49m▄\e[38;2;40;0;64;49m▄\e[38;2;88;1;140;48;2;30;0;48m▄▄\e[48;2;88;1;140m  \e[48;2;153;153;153m    \e[48;2;88;1;140m             \e[38;2;102;102;102;48;2;88;1;140m▄\e[38;2;102;102;102;48;2;91;30;129m▄\e[38;2;102;102;102;48;2;88;1;140m▄\e[38;2;93;43;123;48;2;30;0;48m▄\e[38;2;88;1;140;48;2;30;0;48m▄\e[38;2;39;0;63;49m▄\e[38;2;30;0;48;49m▄\e[49m         \e[m
\e[49m      \e[38;2;58;0;93;49m▄\e[38;2;88;1;140;48;2;30;0;48m▄\e[48;2;88;1;140m       \e[48;2;153;153;153m    \e[48;2;88;1;140m         \e[38;2;102;102;102;48;2;88;1;140m▄▄\e[48;2;102;102;102m     \e[38;2;88;1;140;48;2;102;102;102m▄▄\e[48;2;88;1;140m   \e[38;2;88;1;140;48;2;30;0;48m▄\e[38;2;58;0;93;49m▄\e[49m      \e[m
\e[49m    \e[38;2;30;0;48;49m▄\e[38;2;88;1;140;48;2;34;0;55m▄\e[48;2;88;1;140m         \e[48;2;153;153;153m    \e[48;2;88;1;140m      \e[38;2;102;102;102;48;2;88;1;140m▄▄\e[48;2;102;102;102m     \e[38;2;88;1;140;48;2;102;102;102m▄\e[38;2;88;1;140;48;2;95;59;118m▄\e[48;2;88;1;140m        \e[38;2;88;1;140;48;2;34;0;55m▄\e[38;2;30;0;48;49m▄\e[49m    \e[m
\e[49m    \e[38;2;88;1;140;48;2;30;0;48m▄\e[48;2;88;1;140m          \e[48;2;153;153;153m    \e[48;2;88;1;140m  \e[38;2;255;255;255;48;2;88;1;140m▄▄\e[48;2;255;255;255m  \e[38;2;255;255;255;48;2;88;1;140m▄▄\e[38;2;88;1;140;48;2;102;102;102m▄▄▄\e[48;2;88;1;140m             \e[38;2;88;1;140;48;2;30;0;48m▄\e[49m    \e[m
\e[49m    \e[48;2;88;1;140m           \e[48;2;153;153;153m \e[38;2;88;1;140;48;2;153;153;153m▄▄\e[38;2;255;255;255;48;2;88;1;140m▄▄\e[48;2;255;255;255m        \e[38;2;255;255;255;48;2;88;1;140m▄▄\e[48;2;88;1;140m              \e[49m    \e[m
\e[49m    \e[48;2;30;0;48m \e[48;2;88;1;140m          \e[38;2;255;255;255;48;2;88;1;140m▄\e[48;2;255;255;255m     \e[38;2;88;1;140;48;2;255;255;255m▄▄\e[48;2;88;1;140m  \e[38;2;88;1;140;48;2;255;255;255m▄▄\e[48;2;255;255;255m     \e[38;2;255;255;255;48;2;88;1;140m▄\e[38;2;86;3;136;48;2;88;1;140m▄\e[48;2;88;1;140m         \e[48;2;30;0;48m \e[49m    \e[m
\e[49m    \e[48;2;30;0;48m \e[48;2;88;1;140m \e[48;2;204;204;204m \e[38;2;204;204;204;48;2;202;200;203m▄\e[38;2;204;204;204;48;2;88;1;140m▄\e[48;2;88;1;140m      \e[48;2;255;255;255m    \e[38;2;88;1;140;48;2;255;255;255m▄\e[48;2;88;1;140m        \e[38;2;88;1;140;48;2;255;255;255m▄\e[48;2;255;255;255m    \e[38;2;86;1;137;48;2;86;2;137m▄\e[48;2;51;51;51m \e[38;2;51;51;51;48;2;88;1;140m▄▄\e[48;2;88;1;140m      \e[48;2;30;0;48m \e[49m    \e[m
\e[49m    \e[48;2;30;0;48m \e[48;2;88;1;140m \e[48;2;204;204;204m     \e[38;2;204;204;204;48;2;88;1;140m▄▄\e[48;2;88;1;140m  \e[48;2;255;255;255m    \e[48;2;88;1;140m          \e[48;2;255;255;255m    \e[38;2;88;1;140;48;2;86;1;137m▄\e[48;2;51;51;51m     \e[38;2;51;51;51;48;2;88;1;140m▄\e[38;2;61;35;77;48;2;88;1;140m▄\e[48;2;88;1;140m  \e[48;2;30;0;48m \e[49m    \e[m
\e[49m    \e[48;2;30;0;48m \e[48;2;88;1;140m   \e[38;2;88;1;140;48;2;204;204;204m▄\e[48;2;204;204;204m     \e[38;2;196;189;199;48;2;164;134;182m▄\e[48;2;255;255;255m    \e[48;2;88;1;140m          \e[48;2;255;255;255m    \e[48;2;88;1;140m  \e[38;2;88;1;140;48;2;51;51;51m▄▄\e[48;2;51;51;51m     \e[48;2;88;1;140m \e[48;2;30;0;48m \e[49m    \e[m
\e[49m    \e[48;2;30;0;48m \e[48;2;88;1;140m      \e[38;2;88;1;140;48;2;204;204;204m▄▄\e[48;2;204;204;204m \e[38;2;199;196;201;48;2;197;192;200m▄\e[48;2;255;255;255m    \e[38;2;255;255;255;48;2;88;1;140m▄\e[48;2;88;1;140m        \e[38;2;255;255;255;48;2;88;1;140m▄\e[48;2;255;255;255m    \e[48;2;88;1;140m      \e[38;2;88;1;140;48;2;51;51;51m▄\e[38;2;81;8;125;48;2;51;51;51m▄\e[48;2;51;51;51m \e[48;2;88;1;140m \e[48;2;30;0;48m \e[49m    \e[m
\e[49m    \e[48;2;30;0;48m \e[48;2;88;1;140m         \e[38;2;88;1;140;48;2;116;49;155m▄\e[38;2;88;1;140;48;2;255;255;255m▄\e[48;2;255;255;255m     \e[38;2;255;255;255;48;2;88;1;140m▄▄\e[48;2;88;1;140m  \e[38;2;255;255;255;48;2;88;1;140m▄▄\e[48;2;255;255;255m     \e[38;2;88;1;140;48;2;255;255;255m▄\e[48;2;88;1;140m         \e[38;2;88;1;140;48;2;77;15;114m▄\e[48;2;30;0;48m \e[49m    \e[m
\e[49m    \e[48;2;88;1;140m              \e[38;2;88;1;140;48;2;255;255;255m▄▄\e[48;2;255;255;255m        \e[38;2;88;1;140;48;2;255;255;255m▄▄\e[38;2;0;0;0;48;2;88;1;140m▄▄\e[48;2;0;0;0m \e[48;2;88;1;140m           \e[49m    \e[m
\e[49m    \e[38;2;30;0;48;48;2;88;1;140m▄\e[48;2;88;1;140m             \e[38;2;255;255;255;48;2;88;1;140m▄▄▄\e[38;2;186;150;208;48;2;254;253;254m▄\e[38;2;88;1;140;48;2;255;255;255m▄\e[48;2;255;255;255m  \e[38;2;88;1;140;48;2;255;255;255m▄\e[38;2;88;1;140;48;2;254;253;254m▄\e[48;2;88;1;140m  \e[48;2;0;0;0m    \e[48;2;88;1;140m          \e[38;2;30;0;48;48;2;88;1;140m▄\e[49m    \e[m
\e[49m    \e[49;38;2;30;0;48m▀\e[38;2;34;0;55;48;2;88;1;140m▄\e[48;2;88;1;140m        \e[38;2;173;131;198;48;2;88;1;140m▄\e[38;2;255;255;255;48;2;88;1;140m▄\e[48;2;255;255;255m     \e[38;2;90;4;141;48;2;255;255;255m▄\e[38;2;88;1;140;48;2;255;255;255m▄\e[48;2;88;1;140m      \e[48;2;0;0;0m    \e[48;2;88;1;140m         \e[38;2;34;0;55;48;2;88;1;140m▄\e[49;38;2;30;0;48m▀\e[49m    \e[m
\e[49m      \e[49;38;2;58;0;93m▀\e[38;2;30;0;48;48;2;88;1;140m▄\e[48;2;88;1;140m   \e[38;2;255;255;255;48;2;88;1;140m▄▄\e[48;2;255;255;255m     \e[38;2;88;1;140;48;2;255;255;255m▄▄\e[48;2;88;1;140m         \e[48;2;0;0;0m    \e[48;2;88;1;140m       \e[38;2;30;0;48;48;2;88;1;140m▄\e[49;38;2;58;0;93m▀\e[49m      \e[m
\e[49m         \e[49;38;2;30;0;48m▀\e[49;38;2;39;0;63m▀\e[38;2;30;0;48;48;2;88;1;140m▄▄\e[38;2;88;1;140;48;2;255;255;255m▄\e[38;2;99;19;147;48;2;255;255;255m▄\e[38;2;88;1;140;48;2;255;255;255m▄\e[48;2;88;1;140m             \e[48;2;0;0;0m    \e[48;2;88;1;140m  \e[38;2;30;0;48;48;2;88;1;140m▄▄\e[49;38;2;39;0;63m▀\e[49;38;2;30;0;48m▀\e[49m         \e[m
\e[49m             \e[49;38;2;30;0;48m▀\e[49;38;2;30;0;49m▀\e[38;2;30;0;48;48;2;88;1;140m▄\e[48;2;88;1;140m             \e[48;2;0;0;0m \e[38;2;88;1;140;48;2;0;0;0m▄▄\e[38;2;30;0;48;48;2;88;1;140m▄\e[49;38;2;30;0;49m▀\e[49;38;2;30;0;48m▀\e[49m             \e[m
\e[49m                 \e[49;38;2;30;0;48m▀\e[38;2;30;0;48;48;2;88;1;140m▄\e[48;2;88;1;140m          \e[38;2;30;0;48;48;2;88;1;140m▄\e[49;38;2;30;0;48m▀\e[49m                 \e[m
\e[49m                   \e[49;38;2;30;0;48m▀\e[49;38;2;88;1;140m▀\e[38;2;30;0;48;48;2;88;1;140m▄\e[48;2;88;1;140m    \e[38;2;30;0;48;48;2;88;1;140m▄\e[49;38;2;88;1;140m▀\e[49;38;2;30;0;48m▀\e[49m                   \e[m
\e[49m                                                \e[m
";
}
frame21() {
printf "\e[49m                                                \e[m
\e[49m                   \e[38;2;30;0;48;49m▄\e[38;2;88;1;140;49m▄\e[38;2;88;1;140;48;2;30;0;48m▄\e[48;2;88;1;140m    \e[38;2;88;1;140;48;2;30;0;48m▄\e[38;2;88;1;140;49m▄\e[38;2;30;0;48;49m▄\e[49m                   \e[m
\e[49m                 \e[38;2;30;0;48;49m▄\e[38;2;88;1;140;48;2;30;0;48m▄\e[48;2;88;1;140m          \e[38;2;88;1;140;48;2;30;0;48m▄\e[38;2;30;0;48;49m▄\e[49m                 \e[m
\e[49m             \e[38;2;30;0;48;49m▄\e[38;2;30;0;49;49m▄\e[38;2;88;1;140;48;2;30;0;48m▄\e[48;2;88;1;140m            \e[38;2;102;102;102;48;2;88;1;140m▄▄▄▄\e[38;2;102;102;102;48;2;30;0;48m▄\e[38;2;30;0;49;49m▄\e[38;2;30;0;48;49m▄\e[49m             \e[m
\e[49m         \e[38;2;30;0;48;49m▄\e[38;2;40;0;64;49m▄\e[38;2;88;1;140;48;2;30;0;48m▄▄\e[38;2;153;153;153;48;2;88;1;140m▄\e[38;2;153;153;153;48;2;120;76;146m▄\e[48;2;88;1;140m           \e[38;2;102;102;102;48;2;88;1;140m▄\e[48;2;102;102;102m    \e[38;2;88;1;140;48;2;102;102;102m▄\e[48;2;88;1;140m   \e[38;2;88;1;140;48;2;30;0;48m▄▄\e[38;2;39;0;63;49m▄\e[38;2;30;0;48;49m▄\e[49m         \e[m
\e[49m      \e[38;2;57;0;92;49m▄\e[38;2;88;1;140;48;2;30;0;48m▄\e[48;2;88;1;140m    \e[48;2;153;153;153m   \e[48;2;88;1;140m         \e[38;2;102;102;102;48;2;88;1;140m▄\e[48;2;102;102;102m    \e[38;2;88;1;140;48;2;102;102;102m▄\e[48;2;88;1;140m          \e[38;2;88;1;140;48;2;30;0;48m▄\e[38;2;57;0;92;49m▄\e[49m      \e[m
\e[49m    \e[38;2;30;0;48;49m▄\e[38;2;88;1;140;48;2;34;0;55m▄\e[48;2;88;1;140m      \e[48;2;153;153;153m    \e[48;2;88;1;140m      \e[38;2;102;102;102;48;2;88;1;140m▄\e[48;2;102;102;102m    \e[38;2;88;1;140;48;2;102;102;102m▄\e[48;2;88;1;140m              \e[38;2;88;1;140;48;2;34;0;55m▄\e[38;2;30;0;48;49m▄\e[49m    \e[m
\e[49m    \e[38;2;88;1;140;48;2;30;0;48m▄\e[48;2;88;1;140m       \e[38;2;88;1;140;48;2;92;10;141m▄\e[48;2;153;153;153m   \e[48;2;88;1;140m     \e[38;2;255;255;255;48;2;88;1;140m▄▄\e[48;2;255;255;255m  \e[38;2;255;255;255;48;2;101;99;102m▄\e[38;2;255;255;255;48;2;88;1;140m▄\e[48;2;88;1;140m                \e[38;2;88;1;140;48;2;30;0;48m▄\e[49m    \e[m
\e[49m    \e[48;2;88;1;140m         \e[48;2;153;153;153m    \e[48;2;88;1;140m \e[38;2;255;255;255;48;2;88;1;140m▄▄\e[48;2;255;255;255m        \e[38;2;255;255;255;48;2;88;1;140m▄▄\e[48;2;88;1;140m  \e[38;2;51;51;51;48;2;88;1;140m▄\e[38;2;88;1;139;48;2;88;1;140m▄\e[48;2;88;1;140m          \e[49m    \e[m
\e[49m    \e[48;2;30;0;48m \e[48;2;88;1;140m         \e[48;2;153;153;153m \e[38;2;255;255;255;48;2;153;153;153m▄\e[48;2;255;255;255m     \e[38;2;88;1;140;48;2;255;255;255m▄▄\e[48;2;88;1;140m  \e[38;2;88;1;140;48;2;255;255;255m▄▄\e[48;2;255;255;255m     \e[38;2;255;255;255;48;2;51;51;51m▄\e[48;2;51;51;51m    \e[38;2;51;51;51;48;2;88;1;140m▄▄▄▄\e[48;2;88;1;140m  \e[48;2;30;0;48m \e[49m    \e[m
\e[49m    \e[48;2;30;0;48m \e[48;2;88;1;140m          \e[48;2;255;255;255m    \e[38;2;88;1;140;48;2;255;255;255m▄\e[48;2;88;1;140m        \e[38;2;88;1;140;48;2;255;255;255m▄\e[48;2;255;255;255m    \e[38;2;88;1;140;48;2;51;51;51m▄▄\e[48;2;51;51;51m       \e[48;2;88;1;140m \e[48;2;30;0;48m \e[49m    \e[m
\e[49m    \e[48;2;30;0;48m \e[48;2;88;1;140m          \e[48;2;255;255;255m    \e[48;2;88;1;140m          \e[48;2;255;255;255m    \e[48;2;88;1;140m     \e[38;2;88;1;140;48;2;84;5;130m▄\e[38;2;88;1;140;48;2;51;51;51m▄▄▄\e[38;2;51;49;52;48;2;51;51;51m▄\e[48;2;30;0;48m \e[49m    \e[m
\e[49m    \e[48;2;30;0;48m \e[38;2;186;172;194;48;2;204;204;204m▄\e[38;2;204;204;204;48;2;88;1;140m▄▄▄\e[38;2;181;164;192;48;2;88;1;140m▄\e[48;2;88;1;140m     \e[48;2;255;255;255m    \e[48;2;88;1;140m          \e[48;2;255;255;255m    \e[48;2;88;1;140m          \e[48;2;30;0;48m \e[49m    \e[m
\e[49m    \e[48;2;30;0;48m \e[48;2;88;1;140m \e[48;2;204;204;204m       \e[38;2;204;204;204;48;2;88;2;140m▄\e[38;2;204;204;204;48;2;88;1;140m▄\e[48;2;255;255;255m    \e[38;2;255;255;255;48;2;88;1;140m▄\e[48;2;88;1;140m        \e[38;2;255;255;255;48;2;88;1;140m▄\e[48;2;255;255;255m    \e[48;2;88;1;140m          \e[48;2;30;0;48m \e[49m    \e[m
\e[49m    \e[48;2;30;0;48m \e[48;2;88;1;140m  \e[38;2;88;1;140;48;2;183;167;192m▄\e[38;2;88;1;140;48;2;204;204;204m▄▄▄\e[48;2;204;204;204m    \e[38;2;204;204;204;48;2;255;255;255m▄\e[48;2;255;255;255m     \e[38;2;255;255;255;48;2;88;1;140m▄▄\e[48;2;88;1;140m  \e[38;2;255;255;255;48;2;88;1;140m▄▄\e[48;2;255;255;255m     \e[38;2;0;0;0;48;2;255;255;255m▄\e[48;2;0;0;0m \e[38;2;67;0;107;48;2;88;1;140m▄\e[48;2;88;1;140m        \e[48;2;30;0;48m \e[49m    \e[m
\e[49m    \e[48;2;88;1;140m           \e[38;2;88;1;140;48;2;204;204;204m▄\e[48;2;88;1;140m  \e[38;2;88;1;140;48;2;255;255;255m▄▄\e[48;2;255;255;255m        \e[38;2;88;1;140;48;2;255;255;255m▄▄\e[48;2;88;1;140m \e[48;2;0;0;0m    \e[48;2;88;1;140m         \e[49m    \e[m
\e[49m    \e[38;2;30;0;48;48;2;88;1;140m▄\e[48;2;88;1;140m                \e[38;2;88;1;140;48;2;254;254;254m▄\e[48;2;255;255;255m   \e[38;2;88;1;140;48;2;255;255;255m▄\e[38;2;88;1;140;48;2;254;254;254m▄\e[48;2;88;1;140m     \e[48;2;0;0;0m   \e[38;2;0;0;0;48;2;88;1;140m▄\e[48;2;88;1;140m       \e[38;2;30;0;48;48;2;88;1;140m▄\e[49m    \e[m
\e[49m    \e[49;38;2;30;0;48m▀\e[38;2;34;0;55;48;2;88;1;140m▄\e[48;2;88;1;140m              \e[38;2;255;255;255;48;2;88;1;140m▄\e[48;2;255;255;255m    \e[38;2;88;1;140;48;2;255;255;255m▄\e[48;2;88;1;140m      \e[38;2;64;0;101;48;2;0;0;0m▄\e[48;2;0;0;0m   \e[48;2;88;1;140m      \e[38;2;34;0;55;48;2;88;1;140m▄\e[49;38;2;30;0;48m▀\e[49m    \e[m
\e[49m      \e[49;38;2;57;0;92m▀\e[38;2;30;0;48;48;2;88;1;140m▄\e[48;2;88;1;140m          \e[38;2;255;255;255;48;2;88;1;140m▄\e[48;2;255;255;255m    \e[38;2;88;1;140;48;2;255;255;255m▄\e[48;2;88;1;140m         \e[48;2;0;0;0m   \e[48;2;88;1;140m    \e[38;2;30;0;48;48;2;88;1;140m▄\e[49;38;2;57;0;92m▀\e[49m      \e[m
\e[49m         \e[49;38;2;30;0;48m▀\e[49;38;2;39;0;63m▀\e[38;2;30;0;48;48;2;88;1;140m▄▄\e[48;2;88;1;140m   \e[38;2;255;255;255;48;2;88;1;140m▄\e[48;2;255;255;255m    \e[38;2;88;1;140;48;2;255;255;255m▄\e[48;2;88;1;140m           \e[38;2;88;1;140;48;2;0;0;0m▄\e[38;2;71;0;113;48;2;0;0;0m▄\e[38;2;30;0;48;48;2;88;1;140m▄▄\e[49;38;2;39;0;63m▀\e[49;38;2;30;0;48m▀\e[49m         \e[m
\e[49m             \e[49;38;2;30;0;48m▀\e[49;38;2;30;0;49m▀\e[38;2;30;0;48;48;2;255;255;255m▄\e[38;2;88;1;140;48;2;255;255;255m▄▄▄▄\e[48;2;88;1;140m            \e[38;2;30;0;48;48;2;88;1;140m▄\e[49;38;2;30;0;49m▀\e[49;38;2;30;0;48m▀\e[49m             \e[m
\e[49m                 \e[49;38;2;30;0;48m▀\e[38;2;30;0;48;48;2;88;1;140m▄\e[48;2;88;1;140m          \e[38;2;30;0;48;48;2;88;1;140m▄\e[49;38;2;30;0;48m▀\e[49m                 \e[m
\e[49m                   \e[49;38;2;30;0;48m▀\e[49;38;2;88;1;140m▀\e[38;2;30;0;48;48;2;88;1;140m▄\e[48;2;88;1;140m    \e[38;2;30;0;48;48;2;88;1;140m▄\e[49;38;2;88;1;140m▀\e[49;38;2;30;0;48m▀\e[49m                   \e[m
\e[49m                                                \e[m
";
}
frame22() {
printf "\e[49m                                                \e[m
\e[49m                   \e[38;2;30;0;48;49m▄\e[38;2;88;1;140;49m▄\e[38;2;88;1;140;48;2;30;0;48m▄\e[48;2;88;1;140m    \e[38;2;88;1;140;48;2;30;0;48m▄\e[38;2;88;1;140;49m▄\e[38;2;30;0;48;49m▄\e[49m                   \e[m
\e[49m                 \e[38;2;30;0;48;49m▄\e[38;2;88;1;140;48;2;30;0;48m▄\e[48;2;88;1;140m         \e[38;2;88;2;139;48;2;88;1;140m▄\e[38;2;88;1;140;48;2;30;0;48m▄\e[38;2;30;0;48;49m▄\e[49m                 \e[m
\e[49m             \e[38;2;30;0;48;49m▄▄\e[38;2;88;1;140;48;2;30;0;48m▄\e[48;2;88;1;140m        \e[48;2;102;102;102m   \e[38;2;102;101;102;48;2;102;102;102m▄\e[48;2;88;1;140m    \e[38;2;88;1;140;48;2;30;0;48m▄\e[38;2;30;0;48;49m▄▄\e[49m             \e[m
\e[49m         \e[38;2;30;0;48;49m▄\e[38;2;40;0;64;49m▄\e[38;2;88;1;140;48;2;30;0;48m▄▄\e[48;2;88;1;140m         \e[38;2;102;102;102;48;2;88;1;140m▄\e[48;2;102;102;102m   \e[38;2;88;1;140;48;2;102;102;102m▄\e[48;2;88;1;140m        \e[38;2;88;1;140;48;2;30;0;48m▄▄\e[38;2;40;0;64;49m▄\e[38;2;30;0;48;49m▄\e[49m         \e[m
\e[49m      \e[38;2;57;0;91;49m▄\e[38;2;88;1;140;48;2;30;0;48m▄\e[48;2;88;1;140m  \e[38;2;153;153;153;48;2;88;1;140m▄\e[48;2;88;1;140m          \e[38;2;102;102;102;48;2;88;1;140m▄\e[48;2;102;102;102m   \e[38;2;88;1;140;48;2;102;102;102m▄\e[48;2;88;1;140m              \e[38;2;88;1;140;48;2;30;0;48m▄\e[38;2;57;0;91;49m▄\e[49m      \e[m
\e[49m    \e[38;2;30;0;48;49m▄\e[38;2;88;1;140;48;2;34;0;55m▄\e[48;2;88;1;140m   \e[38;2;153;153;153;48;2;88;1;140m▄\e[48;2;153;153;153m \e[38;2;153;153;153;48;2;88;1;140m▄\e[48;2;88;1;140m        \e[38;2;102;102;102;48;2;88;1;140m▄\e[48;2;102;102;102m   \e[38;2;88;1;140;48;2;102;102;102m▄\e[48;2;88;1;140m                 \e[38;2;88;1;140;48;2;34;0;55m▄\e[38;2;30;0;48;49m▄\e[49m    \e[m
\e[49m    \e[38;2;88;1;140;48;2;30;0;48m▄\e[48;2;88;1;140m    \e[48;2;153;153;153m   \e[38;2;153;153;153;48;2;153;152;153m▄\e[48;2;88;1;140m      \e[38;2;88;1;140;48;2;88;3;139m▄\e[38;2;88;1;140;48;2;94;44;123m▄\e[38;2;255;255;255;48;2;92;31;128m▄▄\e[38;2;255;255;255;48;2;193;190;195m▄\e[48;2;255;255;255m \e[38;2;255;255;255;48;2;88;1;140m▄▄\e[48;2;88;1;140m   \e[38;2;51;51;51;48;2;88;1;140m▄▄▄▄▄▄▄▄▄▄\e[48;2;88;1;140m   \e[38;2;88;1;140;48;2;30;0;48m▄\e[49m    \e[m
\e[49m    \e[48;2;88;1;140m      \e[48;2;153;153;153m    \e[48;2;88;1;140m    \e[38;2;255;255;255;48;2;88;1;140m▄▄\e[48;2;255;255;255m        \e[38;2;255;255;255;48;2;88;1;140m▄▄\e[48;2;88;1;140m \e[48;2;51;51;51m          \e[38;2;88;0;140;48;2;88;1;140m▄\e[48;2;88;1;140m  \e[49m    \e[m
\e[49m    \e[48;2;30;0;48m \e[48;2;88;1;140m      \e[38;2;151;149;152;48;2;153;153;153m▄\e[48;2;153;153;153m   \e[38;2;254;254;254;48;2;88;1;140m▄\e[48;2;255;255;255m     \e[38;2;88;1;140;48;2;255;255;255m▄▄\e[48;2;88;1;140m  \e[38;2;88;1;140;48;2;255;255;255m▄▄\e[48;2;255;255;255m     \e[38;2;255;255;255;48;2;51;51;51m▄\e[38;2;88;1;140;48;2;51;51;51m▄▄▄▄▄▄▄▄▄\e[48;2;88;1;140m \e[48;2;30;0;48m \e[49m    \e[m
\e[49m    \e[48;2;30;0;48m \e[48;2;88;1;140m       \e[38;2;88;1;140;48;2;153;153;153m▄\e[48;2;153;153;153m \e[38;2;137;117;149;48;2;153;153;153m▄\e[48;2;255;255;255m    \e[38;2;88;1;140;48;2;255;255;255m▄\e[48;2;88;1;140m        \e[38;2;88;1;140;48;2;255;255;255m▄\e[48;2;255;255;255m    \e[48;2;88;1;140m          \e[48;2;30;0;48m \e[49m    \e[m
\e[49m    \e[48;2;30;0;48m \e[48;2;88;1;140m        \e[38;2;88;1;140;48;2;153;153;153m▄\e[48;2;88;1;140m \e[48;2;255;255;255m    \e[48;2;88;1;140m          \e[48;2;255;255;255m    \e[48;2;88;1;140m          \e[48;2;30;0;48m \e[49m    \e[m
\e[49m    \e[48;2;30;0;48m \e[48;2;88;1;140m          \e[48;2;255;255;255m    \e[48;2;88;1;140m          \e[48;2;255;255;255m    \e[48;2;88;1;140m \e[38;2;0;0;0;48;2;88;1;140m▄\e[48;2;88;1;140m        \e[48;2;30;0;48m \e[49m    \e[m
\e[49m    \e[48;2;30;0;48m \e[48;2;88;1;140m          \e[48;2;255;255;255m    \e[38;2;255;255;255;48;2;88;1;140m▄\e[48;2;88;1;140m        \e[38;2;255;255;255;48;2;88;1;140m▄\e[48;2;255;255;255m    \e[38;2;0;0;0;48;2;88;1;140m▄\e[48;2;0;0;0m \e[38;2;0;0;0;48;2;49;0;79m▄\e[48;2;88;1;140m       \e[48;2;30;0;48m \e[49m    \e[m
\e[49m    \e[48;2;30;0;48m \e[48;2;88;1;140m \e[38;2;204;204;204;48;2;88;1;140m▄▄▄▄▄▄▄▄▄\e[38;2;204;204;204;48;2;255;255;255m▄\e[48;2;255;255;255m     \e[38;2;255;255;255;48;2;88;1;140m▄▄\e[48;2;88;1;140m  \e[38;2;255;255;255;48;2;88;1;140m▄▄\e[48;2;255;255;255m     \e[38;2;88;1;140;48;2;255;255;255m▄\e[48;2;0;0;0m    \e[48;2;88;1;140m      \e[48;2;30;0;48m \e[49m    \e[m
\e[49m    \e[48;2;88;1;140m   \e[48;2;204;204;204m          \e[48;2;88;1;140m \e[38;2;88;1;140;48;2;255;255;255m▄▄\e[48;2;255;255;255m        \e[38;2;88;1;140;48;2;255;255;255m▄▄\e[48;2;88;1;140m    \e[48;2;0;0;0m    \e[48;2;88;1;140m      \e[49m    \e[m
\e[49m    \e[38;2;30;0;48;48;2;88;1;140m▄\e[48;2;88;1;140m   \e[38;2;88;1;140;48;2;204;204;204m▄▄▄▄▄▄▄▄▄▄\e[48;2;88;1;140m   \e[38;2;88;1;140;48;2;254;254;254m▄\e[38;2;88;1;140;48;2;255;255;255m▄\e[48;2;255;255;255m  \e[38;2;195;164;214;48;2;255;255;255m▄\e[38;2;199;170;216;48;2;254;254;254m▄\e[38;2;174;131;199;48;2;88;1;140m▄\e[38;2;192;160;212;48;2;88;1;140m▄\e[48;2;88;1;140m      \e[38;2;86;0;137;48;2;0;0;0m▄\e[48;2;0;0;0m   \e[38;2;6;0;11;48;2;88;1;140m▄\e[48;2;88;1;140m   \e[38;2;30;0;48;48;2;88;1;140m▄\e[49m    \e[m
\e[49m    \e[49;38;2;30;0;48m▀\e[38;2;34;0;55;48;2;88;1;140m▄\e[48;2;88;1;140m                 \e[38;2;255;255;255;48;2;88;1;140m▄\e[48;2;255;255;255m   \e[38;2;88;1;140;48;2;255;255;255m▄\e[48;2;88;1;140m        \e[38;2;88;1;140;48;2;0;0;0m▄\e[48;2;0;0;0m \e[38;2;45;0;73;48;2;0;0;0m▄\e[48;2;88;1;140m   \e[38;2;34;0;55;48;2;88;1;140m▄\e[49;38;2;30;0;48m▀\e[49m    \e[m
\e[49m      \e[49;38;2;57;0;91m▀\e[38;2;30;0;48;48;2;88;1;140m▄\e[48;2;88;1;140m              \e[38;2;255;255;255;48;2;88;1;140m▄\e[48;2;255;255;255m   \e[38;2;88;1;140;48;2;255;255;255m▄\e[48;2;88;1;140m          \e[38;2;88;1;140;48;2;0;0;0m▄\e[48;2;88;1;140m  \e[38;2;30;0;48;48;2;88;1;140m▄\e[49;38;2;57;0;91m▀\e[49m      \e[m
\e[49m         \e[49;38;2;30;0;48m▀\e[49;38;2;40;0;64m▀\e[38;2;30;0;48;48;2;88;1;140m▄▄\e[48;2;88;1;140m        \e[38;2;255;255;255;48;2;88;1;140m▄\e[48;2;255;255;255m   \e[38;2;88;1;140;48;2;255;255;255m▄\e[48;2;88;1;140m         \e[38;2;30;0;48;48;2;88;1;140m▄▄\e[49;38;2;40;0;64m▀\e[49;38;2;30;0;48m▀\e[49m         \e[m
\e[49m             \e[49;38;2;30;0;48m▀▀\e[38;2;30;0;48;48;2;88;1;140m▄\e[48;2;88;1;140m    \e[38;2;255;255;255;48;2;110;35;155m▄\e[48;2;255;255;255m   \e[38;2;88;1;140;48;2;206;181;221m▄\e[48;2;88;1;140m       \e[38;2;30;0;48;48;2;88;1;140m▄\e[49;38;2;30;0;48m▀▀\e[49m             \e[m
\e[49m                 \e[49;38;2;30;0;48m▀\e[38;2;30;0;48;48;2;88;1;140m▄\e[38;2;88;1;140;48;2;89;3;140m▄\e[48;2;88;1;140m         \e[38;2;30;0;48;48;2;88;1;140m▄\e[49;38;2;30;0;48m▀\e[49m                 \e[m
\e[49m                   \e[49;38;2;30;0;48m▀\e[49;38;2;88;1;140m▀\e[38;2;30;0;48;48;2;88;1;140m▄\e[48;2;88;1;140m    \e[38;2;30;0;48;48;2;88;1;140m▄\e[49;38;2;88;1;140m▀\e[49;38;2;30;0;48m▀\e[49m                   \e[m
\e[49m                                                \e[m
";
}
frame23() {
printf "\e[49m                                                \e[m
\e[49m                   \e[38;2;30;0;48;49m▄\e[38;2;88;1;140;49m▄\e[38;2;88;1;140;48;2;30;0;48m▄\e[48;2;88;1;140m    \e[38;2;88;1;140;48;2;30;0;48m▄\e[38;2;88;1;140;49m▄\e[38;2;30;0;48;49m▄\e[49m                   \e[m
\e[49m                 \e[38;2;30;0;48;49m▄\e[38;2;88;1;140;48;2;30;0;48m▄\e[48;2;88;1;140m   \e[38;2;102;101;102;48;2;88;1;140m▄\e[38;2;102;102;102;48;2;88;1;140m▄\e[48;2;88;1;140m     \e[38;2;88;1;140;48;2;30;0;48m▄\e[38;2;30;0;48;49m▄\e[49m                 \e[m
\e[49m             \e[38;2;30;0;48;49m▄▄\e[38;2;88;1;140;48;2;30;0;48m▄\e[48;2;88;1;140m   \e[38;2;93;37;126;48;2;88;1;140m▄\e[48;2;102;102;102m   \e[48;2;88;1;140m         \e[38;2;88;1;140;48;2;30;0;48m▄\e[38;2;30;0;48;49m▄▄\e[49m             \e[m
\e[49m         \e[38;2;30;0;48;49m▄\e[38;2;40;0;65;49m▄\e[38;2;88;1;140;48;2;30;0;48m▄▄\e[48;2;88;1;140m      \e[48;2;102;102;102m   \e[38;2;102;101;102;48;2;102;102;102m▄\e[48;2;88;1;140m            \e[38;2;88;1;140;48;2;30;0;48m▄▄\e[38;2;40;0;64;49m▄\e[38;2;30;0;48;49m▄\e[49m         \e[m
\e[49m      \e[38;2;57;0;92;49m▄\e[38;2;88;1;140;48;2;30;0;48m▄\e[48;2;88;1;140m          \e[38;2;102;102;102;48;2;88;1;140m▄\e[48;2;102;102;102m   \e[48;2;88;1;140m                  \e[38;2;88;1;140;48;2;30;0;48m▄\e[38;2;57;0;92;49m▄\e[49m      \e[m
\e[49m    \e[38;2;30;0;48;49m▄\e[38;2;88;1;140;48;2;34;0;55m▄\e[48;2;88;1;140m            \e[48;2;102;102;102m   \e[38;2;89;15;134;48;2;102;102;102m▄\e[48;2;88;1;140m        \e[38;2;51;51;51;48;2;88;1;140m▄▄▄\e[38;2;51;51;51;48;2;65;30;87m▄\e[48;2;51;51;51m    \e[38;2;51;51;51;48;2;88;1;140m▄\e[38;2;71;23;99;48;2;88;1;140m▄\e[48;2;88;1;140m  \e[38;2;88;1;140;48;2;34;0;55m▄\e[38;2;30;0;48;49m▄\e[49m    \e[m
\e[49m    \e[38;2;88;1;140;48;2;30;0;48m▄\e[48;2;88;1;140m  \e[38;2;153;153;153;48;2;88;1;140m▄\e[48;2;88;1;140m         \e[38;2;102;102;102;48;2;88;1;140m▄\e[48;2;102;102;102m \e[38;2;88;1;140;48;2;102;102;102m▄▄\e[38;2;255;255;255;48;2;88;1;140m▄▄\e[48;2;255;255;255m  \e[38;2;255;255;255;48;2;88;1;140m▄▄\e[48;2;88;1;140m \e[38;2;88;1;140;48;2;51;51;51m▄\e[48;2;51;51;51m      \e[38;2;53;48;55;48;2;51;51;51m▄\e[38;2;88;1;140;48;2;51;51;51m▄▄▄\e[38;2;88;1;140;48;2;85;4;134m▄\e[48;2;88;1;140m   \e[38;2;88;1;140;48;2;30;0;48m▄\e[49m    \e[m
\e[49m    \e[48;2;88;1;140m   \e[48;2;153;153;153m  \e[38;2;153;153;153;48;2;88;1;140m▄\e[48;2;88;1;140m        \e[38;2;255;255;255;48;2;88;1;140m▄▄\e[48;2;255;255;255m        \e[38;2;255;255;255;48;2;88;1;140m▄▄\e[38;2;88;1;140;48;2;51;51;51m▄▄\e[48;2;88;1;140m            \e[49m    \e[m
\e[49m    \e[48;2;30;0;48m \e[48;2;88;1;140m  \e[48;2;153;153;153m    \e[38;2;153;153;153;48;2;88;1;140m▄\e[48;2;88;1;140m   \e[38;2;255;255;255;48;2;88;1;140m▄\e[48;2;255;255;255m     \e[38;2;88;1;140;48;2;255;255;255m▄▄\e[48;2;88;1;140m  \e[38;2;88;1;140;48;2;255;255;255m▄▄\e[48;2;255;255;255m     \e[38;2;255;255;255;48;2;88;1;140m▄\e[48;2;88;1;140m          \e[48;2;30;0;48m \e[49m    \e[m
\e[49m    \e[48;2;30;0;48m \e[48;2;88;1;140m   \e[38;2;88;1;140;48;2;153;153;153m▄\e[48;2;153;153;153m    \e[38;2;153;153;153;48;2;88;1;140m▄\e[48;2;88;1;140m \e[48;2;255;255;255m    \e[38;2;88;1;140;48;2;255;255;255m▄\e[48;2;88;1;140m        \e[38;2;88;1;140;48;2;255;255;255m▄\e[48;2;255;255;255m    \e[48;2;88;1;140m          \e[48;2;30;0;48m \e[49m    \e[m
\e[49m    \e[48;2;30;0;48m \e[48;2;88;1;140m     \e[38;2;88;1;140;48;2;153;153;153m▄\e[48;2;153;153;153m   \e[38;2;88;1;140;48;2;153;153;153m▄\e[48;2;255;255;255m    \e[48;2;88;1;140m          \e[48;2;255;255;255m    \e[48;2;88;1;140m \e[48;2;0;0;0m \e[38;2;0;0;0;48;2;88;1;140m▄\e[48;2;88;1;140m       \e[48;2;30;0;48m \e[49m    \e[m
\e[49m    \e[48;2;30;0;48m \e[48;2;88;1;140m       \e[38;2;88;1;140;48;2;153;153;153m▄\e[48;2;153;153;153m \e[48;2;88;1;140m \e[48;2;255;255;255m    \e[48;2;88;1;140m          \e[48;2;255;255;255m    \e[38;2;26;0;41;48;2;88;1;140m▄\e[48;2;0;0;0m   \e[38;2;0;0;0;48;2;88;1;140m▄\e[48;2;88;1;140m     \e[48;2;30;0;48m \e[49m    \e[m
\e[49m    \e[48;2;30;0;48m \e[48;2;88;1;140m          \e[48;2;255;255;255m    \e[38;2;255;255;255;48;2;88;1;140m▄\e[48;2;88;1;140m        \e[38;2;255;255;255;48;2;88;1;140m▄\e[48;2;255;255;255m    \e[48;2;88;1;140m \e[38;2;88;1;140;48;2;0;0;0m▄\e[48;2;0;0;0m    \e[38;2;0;0;0;48;2;88;1;140m▄\e[48;2;88;1;140m   \e[48;2;30;0;48m \e[49m    \e[m
\e[49m    \e[48;2;30;0;48m \e[48;2;88;1;140m          \e[38;2;88;1;140;48;2;255;255;255m▄\e[48;2;255;255;255m     \e[38;2;255;255;255;48;2;88;1;140m▄▄\e[48;2;88;1;140m  \e[38;2;255;255;255;48;2;88;1;140m▄▄\e[48;2;255;255;255m     \e[38;2;88;1;140;48;2;255;255;255m▄\e[48;2;88;1;140m   \e[38;2;88;1;140;48;2;0;0;0m▄\e[48;2;0;0;0m    \e[48;2;88;1;140m  \e[48;2;30;0;48m \e[49m    \e[m
\e[49m    \e[48;2;88;1;140m            \e[38;2;204;204;204;48;2;88;1;140m▄▄\e[38;2;88;1;140;48;2;255;255;255m▄▄\e[48;2;255;255;255m        \e[38;2;88;1;140;48;2;255;255;255m▄▄\e[48;2;88;1;140m        \e[38;2;88;1;140;48;2;0;0;0m▄\e[48;2;0;0;0m  \e[48;2;88;1;140m   \e[49m    \e[m
\e[49m    \e[38;2;30;0;48;48;2;88;1;140m▄\e[48;2;88;1;140m   \e[38;2;88;2;140;48;2;88;1;140m▄\e[38;2;204;204;204;48;2;88;1;140m▄▄▄\e[38;2;204;204;204;48;2;180;162;191m▄\e[48;2;204;204;204m      \e[38;2;204;204;204;48;2;88;1;140m▄\e[48;2;88;1;140m \e[38;2;88;1;140;48;2;254;254;254m▄\e[38;2;88;1;140;48;2;255;255;255m▄\e[48;2;255;255;255m  \e[38;2;88;1;140;48;2;255;255;255m▄\e[38;2;88;1;140;48;2;254;254;254m▄\e[38;2;255;255;255;48;2;88;1;140m▄▄\e[48;2;255;255;255m \e[38;2;104;26;151;48;2;255;255;255m▄\e[48;2;88;1;140m         \e[38;2;88;1;140;48;2;0;0;0m▄\e[48;2;88;1;140m  \e[38;2;30;0;48;48;2;88;1;140m▄\e[49m    \e[m
\e[49m    \e[49;38;2;30;0;48m▀\e[38;2;34;0;55;48;2;88;1;140m▄\e[48;2;88;1;140m   \e[38;2;88;1;140;48;2;204;204;204m▄\e[48;2;204;204;204m    \e[38;2;182;166;192;48;2;204;204;204m▄\e[38;2;88;1;140;48;2;204;204;204m▄▄▄\e[38;2;88;1;140;48;2;89;2;140m▄\e[48;2;88;1;140m       \e[38;2;255;255;255;48;2;88;1;140m▄\e[48;2;255;255;255m   \e[48;2;88;1;140m            \e[38;2;34;0;55;48;2;88;1;140m▄\e[49;38;2;30;0;48m▀\e[49m    \e[m
\e[49m      \e[49;38;2;57;0;92m▀\e[38;2;30;0;48;48;2;88;1;140m▄\e[48;2;88;1;140m                  \e[48;2;255;255;255m   \e[38;2;88;1;140;48;2;255;255;255m▄\e[48;2;88;1;140m          \e[38;2;30;0;48;48;2;88;1;140m▄\e[49;38;2;57;0;92m▀\e[49m      \e[m
\e[49m         \e[49;38;2;30;0;48m▀\e[49;38;2;40;0;64m▀\e[38;2;30;0;48;48;2;88;1;140m▄▄\e[48;2;88;1;140m            \e[38;2;255;255;255;48;2;88;1;140m▄\e[48;2;255;255;255m   \e[48;2;88;1;140m      \e[38;2;30;0;48;48;2;88;1;140m▄▄\e[49;38;2;40;0;64m▀\e[49;38;2;30;0;48m▀\e[49m         \e[m
\e[49m             \e[49;38;2;30;0;48m▀▀\e[38;2;30;0;48;48;2;88;1;140m▄\e[48;2;88;1;140m         \e[48;2;255;255;255m   \e[38;2;88;1;140;48;2;255;255;255m▄\e[48;2;88;1;140m   \e[38;2;30;0;48;48;2;88;1;140m▄\e[49;38;2;30;0;48m▀▀\e[49m             \e[m
\e[49m                 \e[49;38;2;30;0;48m▀\e[38;2;30;0;48;48;2;88;1;140m▄\e[48;2;88;1;140m     \e[38;2;88;1;140;48;2;212;189;225m▄\e[38;2;88;1;140;48;2;255;255;255m▄\e[48;2;88;1;140m   \e[38;2;30;0;48;48;2;88;1;140m▄\e[49;38;2;30;0;48m▀\e[49m                 \e[m
\e[49m                   \e[49;38;2;30;0;48m▀\e[49;38;2;88;1;140m▀\e[38;2;30;0;48;48;2;88;1;140m▄\e[48;2;88;1;140m    \e[38;2;30;0;48;48;2;88;1;140m▄\e[49;38;2;88;1;140m▀\e[49;38;2;30;0;48m▀\e[49m                   \e[m
\e[49m                                                \e[m
";
}
frame24() {
printf "\e[49m                                                \e[m
\e[49m                   \e[38;2;30;0;48;49m▄\e[38;2;88;1;140;49m▄\e[38;2;88;1;140;48;2;30;0;48m▄\e[48;2;88;1;140m    \e[38;2;88;1;140;48;2;30;0;48m▄\e[38;2;88;1;140;49m▄\e[38;2;30;0;48;49m▄\e[49m                   \e[m
\e[49m                 \e[38;2;30;0;48;49m▄\e[38;2;88;1;140;48;2;30;0;48m▄\e[48;2;88;1;140m          \e[38;2;88;1;140;48;2;30;0;48m▄\e[38;2;30;0;48;49m▄\e[49m                 \e[m
\e[49m             \e[38;2;30;0;48;49m▄\e[38;2;30;0;49;49m▄\e[38;2;88;1;140;48;2;30;0;48m▄\e[38;2;102;102;102;48;2;88;1;140m▄▄\e[48;2;102;102;102m \e[48;2;88;1;140m             \e[38;2;88;1;140;48;2;30;0;48m▄\e[38;2;30;0;49;49m▄\e[38;2;30;0;48;49m▄\e[49m             \e[m
\e[49m         \e[38;2;30;0;48;49m▄\e[38;2;40;0;64;49m▄\e[38;2;88;1;140;48;2;30;0;48m▄▄\e[48;2;88;1;140m  \e[48;2;102;102;102m    \e[48;2;88;1;140m             \e[38;2;51;51;51;48;2;88;1;140m▄\e[38;2;51;51;51;48;2;81;9;123m▄\e[38;2;51;51;51;48;2;88;1;140m▄\e[38;2;86;2;136;48;2;30;0;48m▄\e[38;2;88;1;140;48;2;30;0;48m▄\e[38;2;39;0;63;49m▄\e[38;2;30;0;48;49m▄\e[49m         \e[m
\e[49m      \e[38;2;58;0;92;49m▄\e[38;2;88;1;140;48;2;30;0;48m▄\e[48;2;88;1;140m       \e[48;2;102;102;102m    \e[48;2;88;1;140m         \e[38;2;51;51;51;48;2;88;1;140m▄▄\e[48;2;51;51;51m     \e[38;2;88;1;140;48;2;51;51;51m▄▄\e[48;2;88;1;140m   \e[38;2;88;1;140;48;2;30;0;48m▄\e[38;2;58;0;92;49m▄\e[49m      \e[m
\e[49m    \e[38;2;30;0;48;49m▄\e[38;2;88;1;140;48;2;35;0;55m▄\e[48;2;88;1;140m         \e[48;2;102;102;102m    \e[48;2;88;1;140m      \e[38;2;51;51;51;48;2;88;1;140m▄\e[38;2;51;51;51;48;2;88;1;139m▄\e[48;2;51;51;51m     \e[38;2;88;1;140;48;2;51;51;51m▄\e[38;2;88;1;140;48;2;65;31;84m▄\e[48;2;88;1;140m        \e[38;2;88;1;140;48;2;35;0;55m▄\e[38;2;30;0;48;49m▄\e[49m    \e[m
\e[49m    \e[38;2;88;1;140;48;2;30;0;48m▄\e[48;2;88;1;140m          \e[48;2;102;102;102m    \e[48;2;88;1;140m  \e[38;2;255;255;255;48;2;88;1;140m▄▄\e[48;2;255;255;255m  \e[38;2;255;255;255;48;2;88;1;140m▄\e[38;2;255;255;255;48;2;83;7;128m▄\e[38;2;88;1;140;48;2;51;51;51m▄▄▄\e[48;2;88;1;140m             \e[38;2;88;1;140;48;2;30;0;48m▄\e[49m    \e[m
\e[49m    \e[48;2;88;1;140m           \e[48;2;102;102;102m \e[38;2;88;1;140;48;2;102;102;102m▄▄\e[38;2;255;255;255;48;2;88;1;140m▄▄\e[48;2;255;255;255m        \e[38;2;255;255;255;48;2;88;1;140m▄▄\e[48;2;88;1;140m              \e[49m    \e[m
\e[49m    \e[48;2;30;0;48m \e[38;2;88;0;140;48;2;88;1;140m▄\e[48;2;88;1;140m         \e[38;2;255;255;255;48;2;88;1;140m▄\e[48;2;255;255;255m     \e[38;2;88;1;140;48;2;255;255;255m▄▄\e[48;2;88;1;140m  \e[38;2;88;1;140;48;2;255;255;255m▄▄\e[48;2;255;255;255m     \e[38;2;255;255;255;48;2;88;1;140m▄\e[38;2;64;0;102;48;2;88;1;140m▄\e[48;2;88;1;140m         \e[48;2;30;0;48m \e[49m    \e[m
\e[49m    \e[48;2;30;0;48m \e[48;2;88;1;140m \e[48;2;153;153;153m \e[38;2;153;153;153;48;2;134;110;149m▄\e[38;2;153;153;153;48;2;88;1;140m▄\e[48;2;88;1;140m      \e[48;2;255;255;255m    \e[38;2;88;1;140;48;2;255;255;255m▄\e[48;2;88;1;140m        \e[38;2;88;1;140;48;2;255;255;255m▄\e[48;2;255;255;255m    \e[38;2;52;0;84;48;2;51;0;82m▄\e[48;2;0;0;0m \e[38;2;0;0;0;48;2;88;1;140m▄▄\e[48;2;88;1;140m      \e[48;2;30;0;48m \e[49m    \e[m
\e[49m    \e[48;2;30;0;48m \e[48;2;88;1;140m \e[48;2;153;153;153m     \e[38;2;153;153;153;48;2;88;1;140m▄▄\e[48;2;88;1;140m  \e[48;2;255;255;255m    \e[48;2;88;1;140m          \e[48;2;255;255;255m    \e[38;2;78;0;124;48;2;59;0;94m▄\e[48;2;0;0;0m     \e[38;2;0;0;0;48;2;88;1;140m▄\e[38;2;75;0;120;48;2;88;1;140m▄\e[48;2;88;1;140m  \e[48;2;30;0;48m \e[49m    \e[m
\e[49m    \e[48;2;30;0;48m \e[48;2;88;1;140m  \e[38;2;88;1;140;48;2;97;23;142m▄\e[38;2;88;1;140;48;2;153;153;153m▄\e[48;2;153;153;153m     \e[38;2;120;75;146;48;2;95;17;141m▄\e[48;2;255;255;255m    \e[48;2;88;1;140m          \e[48;2;255;255;255m    \e[48;2;88;1;140m  \e[38;2;88;1;140;48;2;0;0;0m▄▄\e[48;2;0;0;0m     \e[48;2;88;1;140m \e[48;2;30;0;48m \e[49m    \e[m
\e[49m    \e[48;2;30;0;48m \e[48;2;88;1;140m      \e[38;2;88;1;140;48;2;153;153;153m▄▄\e[48;2;153;153;153m \e[38;2;125;87;147;48;2;123;83;147m▄\e[48;2;255;255;255m    \e[38;2;255;255;255;48;2;88;1;140m▄\e[48;2;88;1;140m        \e[38;2;255;255;255;48;2;88;1;140m▄\e[48;2;255;255;255m    \e[48;2;88;1;140m      \e[38;2;88;1;140;48;2;0;0;0m▄\e[38;2;23;0;37;48;2;0;0;0m▄\e[48;2;0;0;0m \e[48;2;88;1;140m \e[48;2;30;0;48m \e[49m    \e[m
\e[49m    \e[48;2;30;0;48m \e[48;2;88;1;140m         \e[38;2;88;1;140;48;2;111;56;145m▄\e[38;2;88;1;140;48;2;255;255;255m▄\e[48;2;255;255;255m     \e[38;2;255;255;255;48;2;88;1;140m▄▄\e[48;2;88;1;140m  \e[38;2;255;255;255;48;2;88;1;140m▄▄\e[48;2;255;255;255m     \e[38;2;88;1;140;48;2;255;255;255m▄\e[48;2;88;1;140m          \e[48;2;30;0;48m \e[49m    \e[m
\e[49m    \e[48;2;88;1;140m              \e[38;2;88;1;140;48;2;255;255;255m▄▄\e[48;2;255;255;255m        \e[38;2;88;1;140;48;2;255;255;255m▄▄\e[38;2;255;255;255;48;2;88;1;140m▄▄\e[48;2;255;255;255m \e[48;2;88;1;140m           \e[49m    \e[m
\e[49m    \e[38;2;30;0;48;48;2;88;1;140m▄\e[48;2;88;1;140m             \e[38;2;204;204;204;48;2;88;1;140m▄▄▄\e[38;2;103;27;149;48;2;254;253;254m▄\e[38;2;88;1;140;48;2;255;255;255m▄\e[48;2;255;255;255m  \e[38;2;88;1;140;48;2;255;255;255m▄\e[38;2;88;1;140;48;2;254;253;254m▄\e[48;2;88;1;140m  \e[48;2;255;255;255m    \e[48;2;88;1;140m          \e[38;2;30;0;48;48;2;88;1;140m▄\e[49m    \e[m
\e[49m    \e[49;38;2;30;0;48m▀\e[38;2;35;0;55;48;2;88;1;140m▄\e[48;2;88;1;140m        \e[38;2;143;97;171;48;2;88;1;140m▄\e[38;2;204;204;204;48;2;88;1;140m▄\e[48;2;204;204;204m     \e[38;2;90;4;141;48;2;204;204;204m▄\e[38;2;88;1;140;48;2;204;204;204m▄\e[48;2;88;1;140m      \e[48;2;255;255;255m    \e[48;2;88;1;140m         \e[38;2;35;0;55;48;2;88;1;140m▄\e[49;38;2;30;0;48m▀\e[49m    \e[m
\e[49m      \e[49;38;2;58;0;92m▀\e[38;2;30;0;48;48;2;88;1;140m▄\e[48;2;88;1;140m   \e[38;2;204;204;204;48;2;88;1;140m▄▄\e[48;2;204;204;204m     \e[38;2;88;1;140;48;2;204;204;204m▄▄\e[48;2;88;1;140m         \e[48;2;255;255;255m    \e[48;2;88;1;140m       \e[38;2;30;0;48;48;2;88;1;140m▄\e[49;38;2;58;0;92m▀\e[49m      \e[m
\e[49m         \e[49;38;2;30;0;48m▀\e[49;38;2;39;0;63m▀\e[38;2;30;0;48;48;2;88;1;140m▄\e[38;2;30;0;48;48;2;91;7;142m▄\e[38;2;88;1;140;48;2;204;204;204m▄\e[38;2;118;53;157;48;2;204;204;204m▄\e[38;2;88;1;140;48;2;204;204;204m▄\e[48;2;88;1;140m             \e[48;2;255;255;255m    \e[48;2;88;1;140m  \e[38;2;30;0;48;48;2;88;1;140m▄▄\e[49;38;2;39;0;63m▀\e[49;38;2;30;0;48m▀\e[49m         \e[m
\e[49m             \e[49;38;2;30;0;48m▀\e[49;38;2;30;0;49m▀\e[38;2;30;0;48;48;2;88;1;140m▄\e[48;2;88;1;140m             \e[48;2;255;255;255m \e[38;2;88;1;140;48;2;255;255;255m▄▄\e[38;2;30;0;48;48;2;88;1;140m▄\e[49;38;2;30;0;49m▀\e[49;38;2;30;0;48m▀\e[49m             \e[m
\e[49m                 \e[49;38;2;30;0;48m▀\e[38;2;30;0;48;48;2;88;1;140m▄\e[48;2;88;1;140m          \e[38;2;30;0;48;48;2;88;1;140m▄\e[49;38;2;30;0;48m▀\e[49m                 \e[m
\e[49m                   \e[49;38;2;30;0;48m▀\e[49;38;2;88;1;140m▀\e[38;2;30;0;48;48;2;88;1;140m▄\e[48;2;88;1;140m    \e[38;2;30;0;48;48;2;88;1;140m▄\e[49;38;2;88;1;140m▀\e[49;38;2;30;0;48m▀\e[49m                   \e[m
\e[49m                                                \e[m
";
}

while true; do
frame1;
sleep 0.12;
printf '\e[24A';

frame2;
sleep 0.12;
printf '\e[24A';

frame3;
sleep 0.12;
printf '\e[24A';

frame4;
sleep 0.12;
printf '\e[24A';

frame5;
sleep 0.12;
printf '\e[24A';

frame6;
sleep 0.12;
printf '\e[24A';

frame7;
sleep 0.12;
printf '\e[24A';

frame8;
sleep 0.12;
printf '\e[24A';

frame9;
sleep 0.12;
printf '\e[24A';

frame10;
sleep 0.12;
printf '\e[24A';

frame11;
sleep 0.12;
printf '\e[24A';

frame12;
sleep 0.12;
printf '\e[24A';

frame13;
sleep 0.12;
printf '\e[24A';

frame14;
sleep 0.12;
printf '\e[24A';

frame15;
sleep 0.12;
printf '\e[24A';

frame16;
sleep 0.12;
printf '\e[24A';

frame17;
sleep 0.12;
printf '\e[24A';

frame18;
sleep 0.12;
printf '\e[24A';

frame19;
sleep 0.12;
printf '\e[24A';

frame20;
sleep 0.12;
printf '\e[24A';

frame21;
sleep 0.12;
printf '\e[24A';

frame22;
sleep 0.12;
printf '\e[24A';

frame23;
sleep 0.12;
printf '\e[24A';

frame24;
sleep 0.5;
printf '\e[24A';
done
